Count,Genus,Species,Location,Lat,Lon,Day,Month,Year,Date,Code,Bsal,Bd,RV,Fate,Notes
2,Triturus ,anatolicus,Inner perimeter,41.665035,2.530639,16,3,2018,3/16/2018,CRARC_01/CRARC_02,POSITIVE,POSITIVE,0,Removed,Swabs of specimens CRARC_01 and CRARC_02 were pooled together and hence GE values are not available
10,Ichthyosaura ,alpestris,Inner perimeter,41.665035,2.530639,16,3,2018,3/16/2018,"CRARC_04-CRARC_09, CN13382-CN13385",0,POSITIVE,0,Removed,Swabs of specimens were pooled together and hence GE values are not available
6,Ichthyosaura ,alpestris,Inner perimeter,41.665035,2.530639,10,5,2018,5/10/2018,CRARC_10-CRARC_15,0,POSITIVE,0,Removed,Swabs of specimens were pooled together and hence GE values are not available
1,Pelophylax ,sp.,Inner perimeter,41.665035,2.530639,10,5,2018,5/10/2018,DF0138,0,0,0,Removed,
1,Pelophylax ,sp.,Inner perimeter,41.665035,2.530639,10,5,2018,5/10/2018,DF0131,0,0,0,Removed,
1,Pelophylax ,sp.,Inner perimeter,41.665035,2.530639,10,5,2018,5/10/2018,DF0118,0,0,0,Removed,
1,Pelophylax ,sp.,Inner perimeter,41.665035,2.530639,10,5,2018,5/10/2018,DF0154,0,0,0,Removed,
1,Pelophylax ,sp.,Inner perimeter,41.665035,2.530639,10,5,2018,5/10/2018,DF0152,0,0,0,Removed,
1,Pelophylax ,sp.,Inner perimeter,41.665035,2.530639,10,5,2018,5/10/2018,DF0135,0,200,0,Removed,
1,Pelophylax ,sp.,Inner perimeter,41.665035,2.530639,10,5,2018,5/10/2018,DF0110,0,0,0,Removed,
1,Pelophylax ,sp.,Inner perimeter,41.665035,2.530639,10,5,2018,5/10/2018,DF0153,0,250,0,Removed,
1,Pelophylax ,sp.,Inner perimeter,41.665035,2.530639,10,5,2018,5/10/2018,DF0111,0,226,0,Removed,
1,Pelophylax ,sp.,Inner perimeter,41.665035,2.530639,10,5,2018,5/10/2018,DF0130,0,0,0,Removed,
1,Triturus,marmoratus,Inner perimeter,41.665035,2.530639,10,5,2018,5/10/2018,DF0062,0,2140,0,Removed,
1,Triturus,marmoratus,Inner perimeter,41.665035,2.530639,10,5,2018,5/10/2018,DF0064,2620,3120,0,Removed,
1,Triturus,marmoratus,Inner perimeter,41.665035,2.530639,10,5,2018,5/10/2018,DF0066,1330,43,0,Removed,
1,Triturus,marmoratus,Inner perimeter,41.665035,2.530639,10,5,2018,5/10/2018,DF0068,7460,402,0,Removed,
1,Triturus,marmoratus,Inner perimeter,41.665035,2.530639,10,5,2018,5/10/2018,DF0017,46,0,0,Removed,
1,Triturus,marmoratus,Inner perimeter,41.665035,2.530639,10,5,2018,5/10/2018,DF0019,484,151,0,Removed,
1,Triturus,marmoratus,Inner perimeter,41.665035,2.530639,10,5,2018,5/10/2018,DF0028,786,120,0,Removed,
1,Triturus,marmoratus,Inner perimeter,41.665035,2.530639,10,5,2018,5/10/2018,DF0029,2000,51,0,Removed,
1,Triturus,marmoratus,Inner perimeter,41.665035,2.530639,10,5,2018,5/10/2018,DF0032,30200,14360,0,Removed,
1,Triturus,marmoratus,Inner perimeter,41.665035,2.530639,10,5,2018,5/10/2018,DF0036,230,0,0,Removed,
1,Triturus,marmoratus,Inner perimeter,41.665035,2.530639,10,5,2018,5/10/2018,DF0037,4000,1442,0,Removed,
1,Triturus,marmoratus,Inner perimeter,41.665035,2.530639,10,5,2018,5/10/2018,DF0042,776,17,0,Removed,
1,Triturus,marmoratus,Inner perimeter,41.665035,2.530639,10,5,2018,5/10/2018,DF0045,436,79,0,Removed,
1,Triturus,marmoratus,Inner perimeter,41.665035,2.530639,10,5,2018,5/10/2018,DF0049,3760,368,0,Removed,
1,Triturus,marmoratus,Inner perimeter,41.665035,2.530639,10,5,2018,5/10/2018,DF0053,11620,642,0,Removed,
1,Triturus,marmoratus,Inner perimeter,41.665035,2.530639,10,5,2018,5/10/2018,DF0054,4500,206,0,Removed,
1,Triturus,marmoratus,Inner perimeter,41.665035,2.530639,10,5,2018,5/10/2018,DF0055,1810,434,0,Removed,
1,Triturus,marmoratus,Inner perimeter,41.665035,2.530639,10,5,2018,5/10/2018,DF0058,14260,15460,0,Removed,
1,Triturus,marmoratus,Inner perimeter,41.665035,2.530639,10,5,2018,5/10/2018,DF0060,866,41,0,Removed,
1,Triturus,marmoratus,Inner perimeter,41.665035,2.530639,10,5,2018,5/10/2018,DF0061,7300,1410,0,Removed,
1,Triturus,marmoratus,Inner perimeter,41.665035,2.530639,10,5,2018,5/10/2018,DF0065,1636,117,0,Removed,
1,Triturus,marmoratus,Inner perimeter,41.665035,2.530639,10,5,2018,5/10/2018,DF0067,1292,0,0,Removed,
1,Triturus,marmoratus,Inner perimeter,41.665035,2.530639,10,5,2018,5/10/2018,DF0018,376,0,0,Removed,
1,Triturus,marmoratus,Inner perimeter,41.665035,2.530639,10,5,2018,5/10/2018,DF0022,6620,14800,0,Removed,
1,Triturus,marmoratus,Inner perimeter,41.665035,2.530639,10,5,2018,5/10/2018,DF0023,350,135,0,Removed,
1,Triturus,marmoratus,Inner perimeter,41.665035,2.530639,10,5,2018,5/10/2018,DF0026,1660,212,0,Removed,
1,Triturus,marmoratus,Inner perimeter,41.665035,2.530639,10,5,2018,5/10/2018,DF0040,5920,1070,0,Removed,
1,Triturus,marmoratus,Inner perimeter,41.665035,2.530639,10,5,2018,5/10/2018,DF0043,3660,0,0,Removed,
1,Triturus,marmoratus,Inner perimeter,41.665035,2.530639,10,5,2018,5/10/2018,DF0044,6100,149,0,Removed,
1,Triturus,marmoratus,Inner perimeter,41.665035,2.530639,10,5,2018,5/10/2018,DF0051,0,1204,0,Removed,
1,Triturus,marmoratus,Inner perimeter,41.665035,2.530639,10,5,2018,5/10/2018,DF0059,1122,0,0,Removed,
1,Triturus,marmoratus,Inner perimeter,41.665035,2.530639,10,5,2018,5/10/2018,DF0069,0,0,0,Removed,
1,Triturus,marmoratus,Inner perimeter,41.665035,2.530639,10,5,2018,5/10/2018,DF0078,6000,132,0,Removed,
1,Triturus,marmoratus,Inner perimeter,41.665035,2.530639,10,5,2018,5/10/2018,DF0085,944,0,0,Removed,
1,Triturus,marmoratus,Inner perimeter,41.665035,2.530639,10,5,2018,5/10/2018,DF0088,54400,1072,0,Removed,
1,Triturus,marmoratus,Inner perimeter,41.665035,2.530639,10,5,2018,5/10/2018,DF0089,1010,0,0,Removed,
1,Triturus,marmoratus,Inner perimeter,41.665035,2.530639,10,5,2018,5/10/2018,DF0090,0,59,0,Removed,
1,Triturus,marmoratus,Inner perimeter,41.665035,2.530639,10,5,2018,5/10/2018,DF0096,0,0,0,Removed,
1,Triturus,marmoratus,Inner perimeter,41.665035,2.530639,10,5,2018,5/10/2018,DF0097,4100,0,0,Removed,
1,Triturus,marmoratus,Inner perimeter,41.665035,2.530639,10,5,2018,5/10/2018,DF0070,27200,9740,0,Removed,
1,Triturus,marmoratus,Inner perimeter,41.665035,2.530639,10,5,2018,5/10/2018,DF0071,19980,0,0,Removed,
1,Triturus,marmoratus,Inner perimeter,41.665035,2.530639,10,5,2018,5/10/2018,DF0073,0,0,0,Removed,
1,Triturus,marmoratus,Inner perimeter,41.665035,2.530639,10,5,2018,5/10/2018,DF0076,918,0,0,Removed,
1,Triturus,marmoratus,Inner perimeter,41.665035,2.530639,10,5,2018,5/10/2018,DF0080,2560,24000,0,Removed,
1,Triturus,marmoratus,Inner perimeter,41.665035,2.530639,10,5,2018,5/10/2018,DF0081,35400,157,0,Removed,
1,Triturus,marmoratus,Inner perimeter,41.665035,2.530639,10,5,2018,5/10/2018,DF0083,638,79,0,Removed,
1,Triturus,marmoratus,Inner perimeter,41.665035,2.530639,10,5,2018,5/10/2018,DF0084,610,612,0,Removed,
1,Triturus,marmoratus,Inner perimeter,41.665035,2.530639,10,5,2018,5/10/2018,DF0086,964,0,0,Removed,
1,Triturus,marmoratus,Inner perimeter,41.665035,2.530639,10,5,2018,5/10/2018,DF0087,238,0,0,Removed,
1,Triturus,marmoratus,Inner perimeter,41.665035,2.530639,10,5,2018,5/10/2018,DF0093,0,0,0,Removed,
1,Triturus,marmoratus,Inner perimeter,41.665035,2.530639,10,5,2018,5/10/2018,DF0094,1312,0,0,Removed,
1,Triturus,marmoratus,Inner perimeter,41.665035,2.530639,10,5,2018,5/10/2018,DF0095,1738,8000,0,Removed,
1,Triturus,marmoratus,Inner perimeter,41.665035,2.530639,10,5,2018,5/10/2018,DF0099,968,604,0,Removed,
1,Triturus,marmoratus,Inner perimeter,41.665035,2.530639,10,5,2018,5/10/2018,DF0100,7740,402,0,Removed,
1,Triturus,marmoratus,Inner perimeter,41.665035,2.530639,10,5,2018,5/10/2018,DF0101,2080,170,0,Removed,
1,Triturus,marmoratus,Inner perimeter,41.665035,2.530639,10,5,2018,5/10/2018,DF0102,60,0,0,Removed,
1,Triturus,marmoratus,Inner perimeter,41.665035,2.530639,10,5,2018,5/10/2018,DF0104,1828,2920,0,Removed,
1,Triturus,marmoratus,Inner perimeter,41.665035,2.530639,10,5,2018,5/10/2018,DF0105,103,0,0,Removed,
1,Triturus,marmoratus,Inner perimeter,41.665035,2.530639,10,5,2018,5/10/2018,DF0106,3080,3860,0,Removed,
1,Triturus,marmoratus,Inner perimeter,41.665035,2.530639,10,5,2018,5/10/2018,DF0136,3700,0,0,Removed,
1,Triturus,marmoratus,Inner perimeter,41.665035,2.530639,10,5,2018,5/10/2018,DF0016,0,1132,0,Removed,
1,Triturus,marmoratus,Inner perimeter,41.665035,2.530639,10,5,2018,5/10/2018,DF0020,5540,2560,0,Removed,
1,Triturus,marmoratus,Inner perimeter,41.665035,2.530639,10,5,2018,5/10/2018,DF0024,1314,2740,0,Removed,
1,Triturus,marmoratus,Inner perimeter,41.665035,2.530639,10,5,2018,5/10/2018,DF0025,348,6420,0,Removed,
1,Triturus,marmoratus,Inner perimeter,41.665035,2.530639,10,5,2018,5/10/2018,DF0027,1286,197,0,Removed,
1,Triturus,marmoratus,Inner perimeter,41.665035,2.530639,10,5,2018,5/10/2018,DF0030,1642,1426,0,Removed,
1,Triturus,marmoratus,Inner perimeter,41.665035,2.530639,10,5,2018,5/10/2018,DF0031,0,384,0,Removed,
1,Triturus,marmoratus,Inner perimeter,41.665035,2.530639,10,5,2018,5/10/2018,DF0035,0,1314,0,Removed,
1,Triturus,marmoratus,Inner perimeter,41.665035,2.530639,10,5,2018,5/10/2018,DF0038,1258,2120,0,Removed,
1,Triturus,marmoratus,Inner perimeter,41.665035,2.530639,10,5,2018,5/10/2018,DF0041,0,0,0,Removed,
1,Triturus,marmoratus,Inner perimeter,41.665035,2.530639,10,5,2018,5/10/2018,DF0046,254,480,0,Removed,
1,Triturus,marmoratus,Inner perimeter,41.665035,2.530639,10,5,2018,5/10/2018,DF0052,0,246,0,Removed,
1,Triturus,marmoratus,Inner perimeter,41.665035,2.530639,10,5,2018,5/10/2018,DF0074,2580,2760,0,Removed,
1,Triturus,marmoratus,Inner perimeter,41.665035,2.530639,10,5,2018,5/10/2018,DF0077,1460,12380,0,Removed,
1,Triturus,marmoratus,Inner perimeter,41.665035,2.530639,10,5,2018,5/10/2018,DF0091,992,12300,0,Removed,
1,Triturus,marmoratus,Inner perimeter,41.665035,2.530639,10,5,2018,5/10/2018,DF0092,408,1570,0,Removed,
1,Triturus,marmoratus,Inner perimeter,41.665035,2.530639,10,5,2018,5/10/2018,DF0033,522,334,0,Removed,
1,Triturus,marmoratus,Inner perimeter,41.665035,2.530639,10,5,2018,5/10/2018,DF0048,0,0,0,Removed,
1,Triturus,marmoratus,Inner perimeter,41.665035,2.530639,10,5,2018,5/10/2018,DF0050,510000,14320,0,Removed,
1,Triturus,marmoratus,Inner perimeter,41.665035,2.530639,10,5,2018,5/10/2018,DF0056,0,458,0,Removed,
1,Triturus,marmoratus,Inner perimeter,41.665035,2.530639,10,5,2018,5/10/2018,DF0057,246,1302,0,Removed,
1,Triturus,marmoratus,Inner perimeter,41.665035,2.530639,10,5,2018,5/10/2018,DF0072,416,0,0,Removed,
1,Triturus,marmoratus,Inner perimeter,41.665035,2.530639,10,5,2018,5/10/2018,DF0079,874,200,0,Removed,
1,Triturus,marmoratus,Inner perimeter,41.665035,2.530639,10,5,2018,5/10/2018,DF0082,0,1102,0,Removed,
1,Triturus,marmoratus,Inner perimeter,41.665035,2.530639,10,5,2018,5/10/2018,DF0098,53,0,0,Removed,
1,Triturus,marmoratus,Inner perimeter,41.665035,2.530639,10,5,2018,5/10/2018,DF0103,0,1682,0,Removed,
1,Triturus,marmoratus,Inner perimeter,41.665035,2.530639,10,5,2018,5/10/2018,DF0021,2700,2380,0,Removed,
1,Triturus,marmoratus,Inner perimeter,41.665035,2.530639,10,5,2018,5/10/2018,DF0034,1322,20200,0,Removed,
1,Triturus,marmoratus,Inner perimeter,41.665035,2.530639,10,5,2018,5/10/2018,DF0039,0,1244,0,Removed,
1,Triturus,marmoratus,Inner perimeter,41.665035,2.530639,10,5,2018,5/10/2018,DF0047,0,258,0,Removed,
1,Triturus,marmoratus,Inner perimeter,41.665035,2.530639,10,5,2018,5/10/2018,DF0063,0,730,0,Removed,
1,Triturus,marmoratus,Inner perimeter,41.665035,2.530639,10,5,2018,5/10/2018,DF0075,1832,51400,0,Removed,
98,Triturus,marmoratus,Inner perimeter,41.665035,2.530639,10,5,2018,5/10/2018,"98 uncoded specimens - animals in decomposition, not tested",NA,NA,NA,Dead,
1,Triturus ,anatolicus,Inner perimeter,41.665035,2.530639,10,5,2018,5/10/2018,CRARC_03,NA,NA,NA,Removed,
1,Alytes,obstetricans,Park 1–10,41.66523,2.53082,12,6,2018,6/12/2018,DF0200,0,0,0,Returned,
1,Alytes,obstetricans,Park 1–10,41.66523,2.53082,12,6,2018,6/12/2018,DF0201,0,0,0,Returned,
1,Alytes,obstetricans,Park 1–10,41.66523,2.53082,12,6,2018,6/12/2018,DF0202,0,0,0,Returned,
1,Alytes,obstetricans,Park 1–10,41.66523,2.53082,12,6,2018,6/12/2018,DF0203,0,0,0,Returned,
1,Alytes,obstetricans,Park 1–10,41.66523,2.53082,12,6,2018,6/12/2018,DF0204,0,0,0,Returned,
1,Alytes,obstetricans,Park 1–10,41.66523,2.53082,12,6,2018,6/12/2018,DF0205,0,0,0,Returned,
1,Alytes,obstetricans,Park 1–10,41.66523,2.53082,12,6,2018,6/12/2018,DF0206,0,0,0,Returned,
1,Alytes,obstetricans,Park 1–10,41.66523,2.53082,12,6,2018,6/12/2018,DF0207,0,0,0,Returned,
1,Alytes,obstetricans,Park 1–10,41.66523,2.53082,12,6,2018,6/12/2018,DF0208,0,0,0,Returned,
1,Alytes,obstetricans,Park 1–10,41.66523,2.53082,12,6,2018,6/12/2018,DF0209,0,0,0,Returned,
1,Alytes,obstetricans,Park 1–10,41.66523,2.53082,12,6,2018,6/12/2018,DF0210,0,0,0,Returned,
1,Alytes,obstetricans,Park 1–10,41.66523,2.53082,12,6,2018,6/12/2018,DF0211,0,0,0,Returned,
1,Alytes,obstetricans,Park 1–10,41.66523,2.53082,12,6,2018,6/12/2018,DF0218,0,0,0,Returned,
1,Alytes,obstetricans,Park 1–10,41.66523,2.53082,12,6,2018,6/12/2018,DF0219,0,0,0,Returned,
1,Alytes,obstetricans,Park 1–10,41.66523,2.53082,12,6,2018,6/12/2018,DF0220,0,0,0,Returned,
1,Alytes,obstetricans,Park 1–10,41.66523,2.53082,12,6,2018,6/12/2018,DF0221,0,0,0,Returned,
1,Alytes,obstetricans,Park 1–10,41.66523,2.53082,12,6,2018,6/12/2018,DF0222,0,0,0,Returned,
1,Alytes,obstetricans,Park 1–10,41.66523,2.53082,12,6,2018,6/12/2018,DF0223,0,0,0,Returned,
1,Alytes,obstetricans,Park 1–10,41.66523,2.53082,12,6,2018,6/12/2018,DF0249,0,0,0,Returned,
1,Alytes,obstetricans,Park 1–10,41.66523,2.53082,12,6,2018,6/12/2018,DF0250,0,0,0,Returned,
1,Alytes,obstetricans,Park 1–10,41.66523,2.53082,12,6,2018,6/12/2018,DF0251,0,0,0,Returned,
1,Alytes,obstetricans,Park 1–10,41.66523,2.53082,12,6,2018,6/12/2018,DF0252,0,0,0,Returned,
1,Discoglossus,pictus,Park 1–10,41.66523,2.53082,12,6,2018,6/12/2018,DF0213,0,0,0,Returned,
1,Ichthyosaura ,alpestris,Park 1–10,41.66523,2.53082,12,6,2018,6/12/2018,DF0214,0,0,0,Removed,
1,Ichthyosaura ,alpestris,Park 1–10,41.66523,2.53082,12,6,2018,6/12/2018,DF0216,0,0,0,Removed,
1,Ichthyosaura ,alpestris,Park 1–10,41.66523,2.53082,12,6,2018,6/12/2018,DF0217,0,0,0,Removed,
1,Pelophylax,perezi,2 KM Buffer,41.665035,2.530639,12,6,2018,6/12/2018,DF0262,0,0,0,Returned,
1,Pelophylax,perezi,2 KM Buffer,41.665035,2.530639,12,6,2018,6/12/2018,DF0263,0,0,0,Returned,
1,Pelophylax,perezi,2 KM Buffer,41.665035,2.530639,12,6,2018,6/12/2018,DF0270,0,0,0,Returned,
1,Pelophylax,perezi,2 KM Buffer,41.665035,2.530639,12,6,2018,6/12/2018,DF0277,0,0,0,Returned,
1,Pelophylax,perezi,2 KM Buffer,41.665035,2.530639,12,6,2018,6/12/2018,DF0278,0,0,0,Returned,
1,Pelophylax,sp.,Park 1–10,41.66523,2.53082,12,6,2018,6/12/2018,DF0215,0,0,0,Returned,
1,Pelophylax,sp.,Park 1–10,41.66523,2.53082,12,6,2018,6/12/2018,DF0224,0,0,0,Returned,
1,Pelophylax,sp.,Park 1–10,41.66523,2.53082,12,6,2018,6/12/2018,DF0225,0,0,0,Returned,
1,Pelophylax,sp.,Park 1–10,41.66523,2.53082,12,6,2018,6/12/2018,DF0248,0,0,0,Returned,
1,Pelophylax ,sp.,Park 1–10,41.66523,2.53082,12,6,2018,6/12/2018,DF0226,0,0,0,Returned,
1,Salamandra ,salamandra,Park 1–10,41.66523,2.53082,12,6,2018,6/12/2018,DF0212,0,0,0,Returned,
1,Triturus,anatolicus,Park 1–10,41.66523,2.53082,12,6,2018,6/12/2018,DF0231,0,0,0,Removed,
1,Triturus,anatolicus,Park 1–10,41.66523,2.53082,12,6,2018,6/12/2018,DF0232,0,0,0,Removed,
1,Triturus,anatolicus,Park 1–10,41.66523,2.53082,12,6,2018,6/12/2018,DF0238,0,0,0,Removed,
1,Triturus,anatolicus,Park 1–10,41.66523,2.53082,12,6,2018,6/12/2018,DF0240,0,0,0,Removed,
1,Triturus,anatolicus,Park 1–10,41.66523,2.53082,12,6,2018,6/12/2018,DF0241,0,0,0,Removed,
1,Triturus,anatolicus,Park 1–10,41.66523,2.53082,12,6,2018,6/12/2018,DF0244,0,0,0,Removed,
1,Triturus,anatolicus,Park 1–10,41.66523,2.53082,12,6,2018,6/12/2018,DF0245,0,0,0,Removed,
1,Triturus,anatolicus x marmoratus,Park 1–10,41.66523,2.53082,12,6,2018,6/12/2018,DF0242,0,0,0,Removed,
1,Triturus,anatolicus x marmoratus,Park 1–10,41.66523,2.53082,12,6,2018,6/12/2018,DF0243,0,0,0,Removed,
1,Triturus,marmoratus,2 KM Buffer,41.665035,2.530639,12,6,2018,6/12/2018,DF0256,0,0,0,Returned,
1,Triturus,marmoratus,2 KM Buffer,41.665035,2.530639,12,6,2018,6/12/2018,DF0257,0,0,0,Returned,
1,Triturus,marmoratus,2 KM Buffer,41.665035,2.530639,12,6,2018,6/12/2018,DF0258,0,0,0,Returned,
1,Triturus,marmoratus,2 KM Buffer,41.665035,2.530639,12,6,2018,6/12/2018,DF0259,0,0,0,Returned,
1,Triturus,marmoratus,2 KM Buffer,41.665035,2.530639,12,6,2018,6/12/2018,DF0260,0,0,0,Returned,
1,Triturus,marmoratus,2 KM Buffer,41.665035,2.530639,12,6,2018,6/12/2018,DF0261,0,0,0,Returned,
1,Triturus,marmoratus,2 KM Buffer,41.665035,2.530639,12,6,2018,6/12/2018,DF0264,0,0,0,Returned,
1,Triturus,marmoratus,2 KM Buffer,41.665035,2.530639,12,6,2018,6/12/2018,DF0265,0,0,0,Returned,
1,Triturus,marmoratus,2 KM Buffer,41.665035,2.530639,12,6,2018,6/12/2018,DF0266,0,0,0,Returned,
1,Triturus,marmoratus,2 KM Buffer,41.665035,2.530639,12,6,2018,6/12/2018,DF0267,0,0,0,Returned,
1,Triturus,marmoratus,2 KM Buffer,41.665035,2.530639,12,6,2018,6/12/2018,DF0268,0,0,0,Returned,
1,Triturus,marmoratus,2 KM Buffer,41.665035,2.530639,12,6,2018,6/12/2018,DF0269,0,0,0,Returned,
1,Triturus,marmoratus,2 KM Buffer,41.665035,2.530639,12,6,2018,6/12/2018,DF0271,0,0,0,Returned,
1,Triturus,marmoratus,2 KM Buffer,41.665035,2.530639,12,6,2018,6/12/2018,DF0272,0,0,0,Returned,
1,Triturus,marmoratus,2 KM Buffer,41.665035,2.530639,12,6,2018,6/12/2018,DF0273,0,0,0,Returned,
1,Triturus,marmoratus,2 KM Buffer,41.665035,2.530639,12,6,2018,6/12/2018,DF0274,0,0,0,Returned,
1,Triturus,marmoratus,2 KM Buffer,41.665035,2.530639,12,6,2018,6/12/2018,DF0275,0,0,0,Returned,
1,Triturus,marmoratus,2 KM Buffer,41.665035,2.530639,12,6,2018,6/12/2018,DF0276,0,0,0,Returned,
1,Triturus,marmoratus,Park 1–10,41.66523,2.53082,12,6,2018,6/12/2018,DF0227,0,0,0,Removed,
1,Triturus,marmoratus,Park 1–10,41.66523,2.53082,12,6,2018,6/12/2018,DF0228,0,0,0,Removed,
1,Triturus,marmoratus,Park 1–10,41.66523,2.53082,12,6,2018,6/12/2018,DF0229,0,0,0,Removed,
1,Triturus,marmoratus,Park 1–10,41.66523,2.53082,12,6,2018,6/12/2018,DF0230,0,0,0,Removed,
1,Triturus,marmoratus,Park 1–10,41.66523,2.53082,12,6,2018,6/12/2018,DF0233,0,0,0,Removed,
1,Triturus,marmoratus,Park 1–10,41.66523,2.53082,12,6,2018,6/12/2018,DF0234,0,0,0,Removed,
1,Triturus,marmoratus,Park 1–10,41.66523,2.53082,12,6,2018,6/12/2018,DF0235,0,0,0,Removed,
1,Triturus,marmoratus,Park 1–10,41.66523,2.53082,12,6,2018,6/12/2018,DF0236,0,0,0,Removed,
1,Triturus,marmoratus,Park 1–10,41.66523,2.53082,12,6,2018,6/12/2018,DF0237,0,0,0,Removed,
1,Triturus,marmoratus,Park 1–10,41.66523,2.53082,12,6,2018,6/12/2018,DF0239,0,0,0,Removed,
1,Triturus,marmoratus,Park 1–10,41.66523,2.53082,12,6,2018,6/12/2018,DF0246,0,0,0,Removed,
1,Triturus,marmoratus,Park 1–10,41.66523,2.53082,12,6,2018,6/12/2018,DF0247,0,0,0,Removed,
1,Pelophylax,sp.,Inner perimeter,41.665035,2.530639,30,7,2018,7/30/2018,CM0001,0,0,0,Returned,
1,Pelophylax,sp.,Inner perimeter,41.665035,2.530639,30,7,2018,7/30/2018,CM0095,0,0,0,Returned,
0,,,Inner perimeter,41.665035,2.530639,2,8,2018,8/2/2018,,,,,,
0,,,Inner perimeter,41.665035,2.530639,5,8,2018,8/5/2018,,,,,,
1,Pelophylax,sp.,Inner perimeter,41.665035,2.530639,8,8,2018,8/8/2018,DF0349,0,0,0,Removed,
1,Pelophylax,sp.,Inner perimeter,41.665035,2.530639,8,8,2018,8/8/2018,DF0350,0,0,0,Removed,
1,Pelophylax,sp.,Inner perimeter,41.665035,2.530639,8,8,2018,8/8/2018,DF0351,0,0,0,Removed,
0,,,Inner perimeter,41.665035,2.530639,12,8,2018,8/12/2018,,,,,,
0,,,Inner perimeter,41.665035,2.530639,16,8,2018,8/16/2018,,,,,,
0,,,Inner perimeter,41.665035,2.530639,19,8,2018,8/19/2018,,,,,,
0,,,Inner perimeter,41.665035,2.530639,21,8,2018,8/21/2018,,,,,,
0,,,Inner perimeter,41.665035,2.530639,23,8,2018,8/23/2018,,,,,,
1,Alytes,obstetricans,Inner perimeter,41.665035,2.530639,27,8,2018,8/27/2018,DF0352,0,0,0,Removed,
1,Alytes,obstetricans,Inner perimeter,41.665035,2.530639,27,8,2018,8/27/2018,DF0353,0,0,0,Removed,
1,Alytes,obstetricans,Inner perimeter,41.665035,2.530639,27,8,2018,8/27/2018,DF0354,0,0,0,Removed,
1,Alytes,obstetricans,Inner perimeter,41.665035,2.530639,27,8,2018,8/27/2018,DF0355,0,0,0,Removed,
1,Alytes,obstetricans,Inner perimeter,41.665035,2.530639,27,8,2018,8/27/2018,DF0356,0,0,0,Removed,
0,,,Inner perimeter,41.665035,2.530639,30,8,2018,8/30/2018,,,,,,
1,Alytes,obstetricans,Inner perimeter,41.665035,2.530639,3,9,2018,9/3/2018,DF0357,0,0,0,Removed,
1,Alytes,obstetricans,Inner perimeter,41.665035,2.530639,3,9,2018,9/3/2018,DF0358,0,0,0,Removed,
1,Alytes,obstetricans,Inner perimeter,41.665035,2.530639,3,9,2018,9/3/2018,DF0359,0,0,0,Removed,
1,Alytes,obstetricans,Inner perimeter,41.665035,2.530639,3,9,2018,9/3/2018,DF0340,0,0,0,Removed,
1,Pelobates ,cultripes,Inner perimeter,41.665035,2.530639,8,9,2018,9/8/2018,DF0341,0,0,0,Removed,
1,Pelobates ,cultripes,Inner perimeter,41.665035,2.530639,8,9,2018,9/8/2018,DF0342,0,0,0,Removed,
1,Pelobates ,cultripes,Inner perimeter,41.665035,2.530639,8,9,2018,9/8/2018,DF0343,0,0,0,Removed,
1,Pelobates ,cultripes,Inner perimeter,41.665035,2.530639,8,9,2018,9/8/2018,DF0344,0,0,0,Removed,
1,Pelobates ,cultripes,Inner perimeter,41.665035,2.530639,8,9,2018,9/8/2018,DF0345,0,0,0,Removed,
1,Pelobates ,cultripes,Inner perimeter,41.665035,2.530639,8,9,2018,9/8/2018,DF0346,0,0,0,Removed,
0,,,Inner perimeter,41.665035,2.530639,10,9,2018,9/10/2018,,,,,,
1,Pelobates ,cultripes,Inner perimeter,41.665035,2.530639,12,9,2018,9/12/2018,DF0347,0,0,0,Removed,
1,Pelobates ,cultripes,Inner perimeter,41.665035,2.530639,12,9,2018,9/12/2018,DF0348,0,0,0,Removed,
1,Pelobates ,cultripes,Inner perimeter,41.665035,2.530639,12,9,2018,9/12/2018,DF0349,0,0,0,Removed,
1,Pelobates ,cultripes,Inner perimeter,41.665035,2.530639,12,9,2018,9/12/2018,DF0350,0,0,0,Removed,
1,Pelobates ,cultripes,Inner perimeter,41.665035,2.530639,12,9,2018,9/12/2018,DF0351,0,0,0,Removed,
1,Pelobates ,cultripes,Inner perimeter,41.665035,2.530639,12,9,2018,9/12/2018,DF0352,0,0,0,Removed,
0,,,Inner perimeter,41.665035,2.530639,17,9,2018,9/17/2018,,,,,,
0,,,Inner perimeter,41.665035,2.530639,20,9,2018,9/20/2018,,,,,,
0,,,Inner perimeter,41.665035,2.530639,24,9,2018,9/24/2018,,,,,,
1,Alytes,obstetricans,Inner perimeter,41.665035,2.530639,26,9,2018,9/26/2018,DF0356,0,0,0,Removed,
1,Alytes,obstetricans,Inner perimeter,41.665035,2.530639,26,9,2018,9/26/2018,DF0357,0,0,0,Removed,
1,Alytes,obstetricans,Inner perimeter,41.665035,2.530639,26,9,2018,9/26/2018,DF0358,0,0,0,Removed,
1,Pelophylax,sp.,Inner perimeter,41.665035,2.530639,26,9,2018,9/26/2018,DF0353,0,0,0,Removed,
1,Pelophylax,sp.,Inner perimeter,41.665035,2.530639,26,9,2018,9/26/2018,DF0354,0,0,0,Removed,
1,Pelophylax,sp.,Inner perimeter,41.665035,2.530639,26,9,2018,9/26/2018,DF0355,0,0,0,Removed,
0,,,Inner perimeter,41.665035,2.530639,4,10,2018,10/4/2018,,,,,,
0,,,Inner perimeter,41.665035,2.530639,7,10,2018,10/7/2018,,,,,,
0,,,Inner perimeter,41.665035,2.530639,11,10,2018,10/11/2018,,,,,,
0,,,Inner perimeter,41.665035,2.530639,14,10,2018,10/14/2018,,,,,,
1,Alytes,obstetricans,2 KM Buffer,41.665035,2.530639,15,10,2018,10/15/2018,DF0362,0,0,0,Returned,
1,Alytes ,obstetricans,2 KM Buffer,41.665035,2.530639,15,10,2018,10/15/2018,DF0404,0,0,0,Returned,
1,Bufo,spinosus,2 KM Buffer,41.665035,2.530639,15,10,2018,10/15/2018,DF0383,0,0,0,Returned,
1,Bufo,spinosus,2 KM Buffer,41.665035,2.530639,15,10,2018,10/15/2018,DF0396,0,0,0,Returned,
1,Ichthyosaura ,alpestris,Park 1–10,41.66523,2.53082,15,10,2018,10/15/2018,DF0425,0,0,0,Removed,
1,Ichthyosaura ,alpestris,Park 1–10,41.66523,2.53082,15,10,2018,10/15/2018,DF0426,0,0,0,Removed,
1,Pelobates,cultripes,2 KM Buffer,41.665035,2.530639,15,10,2018,10/15/2018,DF0378,0,0,0,Returned,
1,Pelophylax,sp.,2 KM Buffer,41.665035,2.530639,15,10,2018,10/15/2018,DF0373,0,0,0,Returned,
1,Pelophylax,sp.,2 KM Buffer,41.665035,2.530639,15,10,2018,10/15/2018,DF0374,0,0,0,Returned,
1,Pelophylax,sp.,2 KM Buffer,41.665035,2.530639,15,10,2018,10/15/2018,DF0375,0,0,0,Returned,
1,Pelophylax,sp.,2 KM Buffer,41.665035,2.530639,15,10,2018,10/15/2018,DF0376,0,0,0,Returned,
1,Pelophylax,sp.,2 KM Buffer,41.665035,2.530639,15,10,2018,10/15/2018,DF0377,0,0,0,Returned,
1,Pelophylax,sp.,2 KM Buffer,41.665035,2.530639,15,10,2018,10/15/2018,DF0380,0,0,0,Returned,
1,Pelophylax,sp.,2 KM Buffer,41.665035,2.530639,15,10,2018,10/15/2018,DF0381,0,0,0,Returned,
1,Pelophylax,sp.,2 KM Buffer,41.665035,2.530639,15,10,2018,10/15/2018,DF0382,0,0,0,Returned,
1,Pelophylax,sp.,2 KM Buffer,41.665035,2.530639,15,10,2018,10/15/2018,DF0385,0,0,0,Returned,
1,Pelophylax,sp.,2 KM Buffer,41.665035,2.530639,15,10,2018,10/15/2018,DF0397,0,0,0,Returned,
1,Salamandra,salamandra,2 KM Buffer,41.665035,2.530639,15,10,2018,10/15/2018,DF0359,0,0,0,Returned,
1,Salamandra,salamandra,2 KM Buffer,41.665035,2.530639,15,10,2018,10/15/2018,DF0360,0,0,0,Returned,
1,Salamandra,salamandra,2 KM Buffer,41.665035,2.530639,15,10,2018,10/15/2018,DF0361,0,0,0,Returned,
1,Salamandra,salamandra,2 KM Buffer,41.665035,2.530639,15,10,2018,10/15/2018,DF0384,0,0,0,Returned,
1,Salamandra,salamandra,2 KM Buffer,41.665035,2.530639,15,10,2018,10/15/2018,DF0386,0,0,0,Returned,
1,Salamandra,salamandra,2 KM Buffer,41.665035,2.530639,15,10,2018,10/15/2018,DF0387,0,0,0,Returned,
1,Salamandra,salamandra,2 KM Buffer,41.665035,2.530639,15,10,2018,10/15/2018,DF0388,0,0,0,Returned,
1,Salamandra,salamandra,2 KM Buffer,41.665035,2.530639,15,10,2018,10/15/2018,DF0389,0,0,0,Returned,
1,Salamandra,salamandra,2 KM Buffer,41.665035,2.530639,15,10,2018,10/15/2018,DF0390,0,0,0,Returned,
1,Salamandra,salamandra,2 KM Buffer,41.665035,2.530639,15,10,2018,10/15/2018,DF0391,0,0,0,Returned,
1,Salamandra,salamandra,2 KM Buffer,41.665035,2.530639,15,10,2018,10/15/2018,DF0392,0,0,0,Returned,
1,Salamandra,salamandra,2 KM Buffer,41.665035,2.530639,15,10,2018,10/15/2018,DF0393,0,0,0,Returned,
1,Salamandra,salamandra,2 KM Buffer,41.665035,2.530639,15,10,2018,10/15/2018,DF0394,0,0,0,Returned,
1,Salamandra,salamandra,2 KM Buffer,41.665035,2.530639,15,10,2018,10/15/2018,DF0395,0,0,0,Returned,
1,Salamandra,salamandra,2 KM Buffer,41.665035,2.530639,15,10,2018,10/15/2018,DF0401,0,0,0,Returned,
1,Salamandra,salamandra,2 KM Buffer,41.665035,2.530639,15,10,2018,10/15/2018,DF0402,0,0,0,Returned,
1,Salamandra ,salamandra,Park 1–10,41.66523,2.53082,15,10,2018,10/15/2018,DF0432,0,0,0,Removed,
1,Salamandra ,salamandra,Park 1–10,41.66523,2.53082,15,10,2018,10/15/2018,DF0433,0,0,0,Removed,
1,Salamandra ,salamandra,Park 1–10,41.66523,2.53082,15,10,2018,10/15/2018,DF0434,0,462,0,Removed,
1,Salamandra ,salamandra,Park 1–10,41.66523,2.53082,15,10,2018,10/15/2018,DF0435,0,288,0,Removed,
1,Salamandra ,salamandra,Park 1–10,41.66523,2.53082,15,10,2018,10/15/2018,DF0436,0,107,0,Removed,
1,Triturus,anatolicus,Park 1–10,41.66523,2.53082,15,10,2018,10/15/2018,DF0428,0,0,0,Removed,
1,Triturus,anatolicus,Park 1–10,41.66523,2.53082,15,10,2018,10/15/2018,DF0430,0,0,0,Removed,
1,Triturus,anatolicus x marmoratus,Park 1–10,41.66523,2.53082,15,10,2018,10/15/2018,DF0429,0,0,0,Removed,
1,Triturus,marmoratus,2 KM Buffer,41.665035,2.530639,15,10,2018,10/15/2018,DF0363,0,0,0,Returned,
1,Triturus,marmoratus,2 KM Buffer,41.665035,2.530639,15,10,2018,10/15/2018,DF0364,0,0,0,Returned,
1,Triturus,marmoratus,2 KM Buffer,41.665035,2.530639,15,10,2018,10/15/2018,DF0365,0,0,0,Returned,
1,Triturus,marmoratus,2 KM Buffer,41.665035,2.530639,15,10,2018,10/15/2018,DF0366,0,0,0,Returned,
1,Triturus,marmoratus,2 KM Buffer,41.665035,2.530639,15,10,2018,10/15/2018,DF0367,0,0,0,Returned,
1,Triturus,marmoratus,2 KM Buffer,41.665035,2.530639,15,10,2018,10/15/2018,DF0368,0,0,0,Returned,
1,Triturus,marmoratus,2 KM Buffer,41.665035,2.530639,15,10,2018,10/15/2018,DF0369,0,0,0,Returned,
1,Triturus,marmoratus,2 KM Buffer,41.665035,2.530639,15,10,2018,10/15/2018,DF0370,0,0,0,Returned,
1,Triturus,marmoratus,2 KM Buffer,41.665035,2.530639,15,10,2018,10/15/2018,DF0371,0,0,0,Returned,
1,Triturus,marmoratus,2 KM Buffer,41.665035,2.530639,15,10,2018,10/15/2018,DF0372,0,0,0,Returned,
1,Triturus,marmoratus,2 KM Buffer,41.665035,2.530639,15,10,2018,10/15/2018,DF0379,0,0,0,Returned,
1,Triturus,marmoratus,2 KM Buffer,41.665035,2.530639,15,10,2018,10/15/2018,DF0398,0,0,0,Returned,
1,Triturus,marmoratus,2 KM Buffer,41.665035,2.530639,15,10,2018,10/15/2018,DF0399,0,0,0,Returned,
1,Triturus,marmoratus,2 KM Buffer,41.665035,2.530639,15,10,2018,10/15/2018,DF0400,0,0,0,Returned,
1,Triturus,marmoratus,2 KM Buffer,41.665035,2.530639,15,10,2018,10/15/2018,DF0403,0,0,0,Returned,
1,Triturus,marmoratus,2 KM Buffer,41.665035,2.530639,15,10,2018,10/15/2018,DF0405,0,0,0,Returned,
1,Triturus,marmoratus,Park 1–10,41.66523,2.53082,15,10,2018,10/15/2018,DF0427,0,0,0,Returned,
1,Triturus,marmoratus,Park 1–10,41.66523,2.53082,15,10,2018,10/15/2018,DF0431,0,0,0,Returned,
0,,,Inner perimeter,41.665035,2.530639,18,10,2018,10/18/2018,,,,,,
0,,,Inner perimeter,41.665035,2.530639,21,10,2018,10/21/2018,,,,,,
0,,,Inner perimeter,41.665035,2.530639,25,10,2018,10/25/2018,,,,,,
0,,,Inner perimeter,41.665035,2.530639,28,10,2018,10/28/2018,,,,,,
0,,,Inner perimeter,41.665035,2.530639,1,11,2018,11/1/2018,,,,,,
0,,,Inner perimeter,41.665035,2.530639,4,11,2018,11/4/2018,,,,,,
0,,,Inner perimeter,41.665035,2.530639,8,11,2018,11/8/2018,,,,,,
0,,,Inner perimeter,41.665035,2.530639,11,11,2018,11/11/2018,,,,,,
0,,,Inner perimeter,41.665035,2.530639,15,11,2018,11/15/2018,,,,,,
1,Bufo,spinosus,Inner perimeter,41.665035,2.530639,18,11,2018,11/18/2018,DF0438,0,0,0,Removed,
1,Triturus,marmoratus,Inner perimeter,41.665035,2.530639,18,11,2018,11/18/2018,DF0439,0,0,0,Removed,
1,Triturus,marmoratus,Inner perimeter,41.665035,2.530639,18,11,2018,11/18/2018,DF0440,0,0,0,Removed,
1,Triturus,marmoratus,Inner perimeter,41.665035,2.530639,18,11,2018,11/18/2018,DF0441,0,0,0,Removed,
1,Triturus,marmoratus,Inner perimeter,41.665035,2.530639,18,11,2018,11/18/2018,DF0442,0,0,0,Removed,
1,Triturus,marmoratus,Inner perimeter,41.665035,2.530639,18,11,2018,11/18/2018,DF0443,0,0,0,Removed,
1,Triturus,marmoratus,Inner perimeter,41.665035,2.530639,18,11,2018,11/18/2018,DF0444,0,0,0,Removed,
1,Triturus,marmoratus,Inner perimeter,41.665035,2.530639,19,11,2018,11/19/2018,DF0445,0,0,0,Removed,
1,Triturus,marmoratus,Inner perimeter,41.665035,2.530639,19,11,2018,11/19/2018,DF0446,0,0,0,Removed,
0,,,Inner perimeter,41.665035,2.530639,25,11,2018,11/25/2018,,,,,,
1,Pelophylax,sp.,Inner perimeter,41.665035,2.530639,29,11,2018,11/29/2018,DF0447,0,0,0,Removed,
1,Ichthyosaura ,alpestris,Inner perimeter,41.665035,2.530639,2,12,2018,12/2/2018,DF0448,0,0,0,Removed,
1,Ichthyosaura ,alpestris,Inner perimeter,41.665035,2.530639,2,12,2018,12/2/2018,DF0449,0,0,0,Removed,
1,Ichthyosaura ,alpestris,Inner perimeter,41.665035,2.530639,6,12,2018,12/6/2018,DF0453,0,0,0,Removed,
1,Ichthyosaura ,alpestris,Inner perimeter,41.665035,2.530639,6,12,2018,12/6/2018,DF0454,0,0,0,Removed,
1,Ichthyosaura ,alpestris,Inner perimeter,41.665035,2.530639,6,12,2018,12/6/2018,DF0455,0,0,0,Removed,
1,Triturus,marmoratus,Inner perimeter,41.665035,2.530639,6,12,2018,12/6/2018,DF0450,0,0,0,Removed,
1,Triturus,marmoratus,Inner perimeter,41.665035,2.530639,6,12,2018,12/6/2018,DF0451,0,0,0,Removed,
1,Triturus,marmoratus,Inner perimeter,41.665035,2.530639,6,12,2018,12/6/2018,DF0452,0,0,0,Removed,
0,,,Inner perimeter,41.665035,2.530639,9,12,2018,12/9/2018,,,,,,
0,,,Inner perimeter,41.665035,2.530639,13,12,2018,12/13/2018,,,,,,
0,,,Inner perimeter,41.665035,2.530639,16,12,2018,12/16/2018,,,,,,
0,,,Inner perimeter,41.665035,2.530639,20,12,2018,12/20/2018,,,,,,
0,,,Inner perimeter,41.665035,2.530639,23,12,2018,12/23/2018,,,,,,
0,,,Inner perimeter,41.665035,2.530639,28,12,2018,12/28/2018,,,,,,
0,,,Inner perimeter,41.665035,2.530639,30,12,2018,12/30/2018,,,,,,
0,,,Inner perimeter,41.665035,2.530639,2,1,2019,1/2/2019,,,,,,
0,,,Inner perimeter,41.665035,2.530639,5,1,2019,1/5/2019,,,,,,
0,,,Inner perimeter,41.665035,2.530639,6,1,2019,1/6/2019,,,,,,
0,,,Inner perimeter,41.665035,2.530639,10,1,2019,1/10/2019,,,,,,
0,,,Inner perimeter,41.665035,2.530639,13,1,2019,1/13/2019,,,,,,
0,,,Inner perimeter,41.665035,2.530639,16,1,2019,1/16/2019,,,,,,
0,,,Inner perimeter,41.665035,2.530639,20,1,2019,1/20/2019,,,,,,
1,Ichthyosaura ,alpestris,Inner perimeter,41.665035,2.530639,24,1,2019,1/24/2019,DF0456,0,0,0,Removed,
0,,,Inner perimeter,41.665035,2.530639,27,1,2019,1/27/2019,,,,,,
0,,,Inner perimeter,41.665035,2.530639,30,1,2019,1/30/2019,,,,,,
1,Bufo ,spinosus,Inner perimeter,41.665035,2.530639,3,2,2019,2/3/2019,DF0457,0,0,0,Removed,
1,Bufo ,spinosus,Inner perimeter,41.665035,2.530639,9,2,2019,2/9/2019,DF0462,0,0,0,Removed,
1,Bufo ,spinosus,Inner perimeter,41.665035,2.530639,9,2,2019,2/9/2019,DF0463,0,0,0,Removed,
1,Ichthyosaura ,alpestris,Inner perimeter,41.665035,2.530639,9,2,2019,2/9/2019,DF0464,0,0,0,Removed,
1,Ichthyosaura ,alpestris,Inner perimeter,41.665035,2.530639,9,2,2019,2/9/2019,DF0465,0,0,0,Removed,
1,Ichthyosaura ,alpestris,Inner perimeter,41.665035,2.530639,9,2,2019,2/9/2019,DF0466,0,0,0,Removed,
1,Triturus ,marmoratus,Inner perimeter,41.665035,2.530639,9,2,2019,2/9/2019,DF0467,0,0,0,Removed,
1,Bufo ,spinosus,Park 1–10,41.66523,2.53082,9,2,2019,2/9/2019,CM0002,0,0,0,Returned,
1,Ichthyosaura ,alpestris,Park 1–10,41.66523,2.53082,9,2,2019,2/9/2019,DF0458,0,0,0,Removed,
1,Ichthyosaura ,alpestris,Park 1–10,41.66523,2.53082,9,2,2019,2/9/2019,DF0459,0,0,0,Removed,
1,Ichthyosaura ,alpestris,Park 1–10,41.66523,2.53082,9,2,2019,2/9/2019,DF0460,0,0,0,Removed,
1,Ichthyosaura ,alpestris,Park 1–10,41.66523,2.53082,9,2,2019,2/9/2019,DF0461,0,0,0,Removed,
1,Salamandra,salamandra,Park 1–10,41.66523,2.53082,9,2,2019,2/9/2019,CM0004,0,0,0,Returned,
1,Triturus,anatolicus,Park 1–10,41.66523,2.53082,9,2,2019,2/9/2019,CM0003,0,0,0,Removed,
1,Triturus ,anatolicus,Park 1–10,41.66523,2.53082,9,2,2019,2/9/2019,CM0005,0,0,0,Removed,
1,Triturus ,anatolicus,Park 1–10,41.66523,2.53082,9,2,2019,2/9/2019,CM0006,0,0,0,Removed,
1,Triturus ,anatolicus,Park 1–10,41.66523,2.53082,9,2,2019,2/9/2019,CM0015,0,0,0,Removed,
1,Triturus ,anatolicus,Park 1–10,41.66523,2.53082,9,2,2019,2/9/2019,CM0017,0,0,0,Removed,
1,Triturus ,anatolicus x marmoratus,Park 1–10,41.66523,2.53082,9,2,2019,2/9/2019,CM0007,0,0,0,Removed,
1,Triturus ,anatolicus x marmoratus,Park 1–10,41.66523,2.53082,9,2,2019,2/9/2019,CM0008,0,0,0,Removed,
1,Triturus ,anatolicus x marmoratus,Park 1–10,41.66523,2.53082,9,2,2019,2/9/2019,CM0009,0,0,0,Removed,
1,Triturus ,anatolicus x marmoratus,Park 1–10,41.66523,2.53082,9,2,2019,2/9/2019,CM0016,0,0,0,Removed,
1,Triturus ,marmoratus,Park 1–10,41.66523,2.53082,9,2,2019,2/9/2019,CM0010,0,0,0,Removed,
1,Triturus ,marmoratus,Park 1–10,41.66523,2.53082,9,2,2019,2/9/2019,CM0011,0,0,0,Removed,
1,Triturus ,marmoratus,Park 1–10,41.66523,2.53082,9,2,2019,2/9/2019,CM0012,0,0,0,Removed,
1,Triturus ,marmoratus,Park 1–10,41.66523,2.53082,9,2,2019,2/9/2019,CM0013,0,0,0,Removed,
1,Triturus ,marmoratus,Park 1–10,41.66523,2.53082,9,2,2019,2/9/2019,CM0014,0,0,0,Removed,
1,Triturus ,marmoratus,Park 1–10,41.66523,2.53082,9,2,2019,2/9/2019,CM0018,0,0,0,Removed,
0,,,Inner perimeter,41.665035,2.530639,12,2,2019,2/12/2019,,,,,,
0,,,Inner perimeter,41.665035,2.530639,14,2,2019,2/14/2019,,,,,,
1,Triturus ,marmoratus,Inner perimeter,41.665035,2.530639,17,2,2019,2/17/2019,DF0468,0,0,0,Removed,
1,Triturus ,marmoratus,Inner perimeter,41.665035,2.530639,21,2,2019,2/21/2019,DF0469,0,0,0,Removed,
1,Triturus ,marmoratus,Inner perimeter,41.665035,2.530639,21,2,2019,2/21/2019,DF0470,0,0,0,Removed,
1,Alytes,obstetricans,Inner perimeter,41.665035,2.530639,24,2,2019,2/24/2019,DF0472,0,0,0,Removed,
1,Bufo ,spinosus,Inner perimeter,41.665035,2.530639,24,2,2019,2/24/2019,DF0471,0,0,0,Removed,
1,Ichthyosaura ,alpestris,Inner perimeter,41.665035,2.530639,24,2,2019,2/24/2019,DF0473,0,0,0,Removed,
1,Bufo ,spinosus,Inner perimeter,41.665035,2.530639,28,2,2019,2/28/2019,DF0474,0,0,0,Removed,
1,Pelophylax,sp.,Inner perimeter,41.665035,2.530639,28,2,2019,2/28/2019,DF0475,0,0,0,Removed,
1,Bufo ,spinosus,Inner perimeter,41.665035,2.530639,2,3,2019,3/2/2019,DF0476,0,0,0,Removed,
1,Bufo ,spinosus,Inner perimeter,41.665035,2.530639,2,3,2019,3/2/2019,DF0477,0,0,0,Removed,
1,Bufo ,spinosus,Inner perimeter,41.665035,2.530639,2,3,2019,3/2/2019,DF0478,0,0,0,Removed,
1,Bufo ,spinosus,Inner perimeter,41.665035,2.530639,2,3,2019,3/2/2019,DF0479,0,0,0,Removed,
1,Bufo ,spinosus,Inner perimeter,41.665035,2.530639,2,3,2019,3/2/2019,DF0480,0,0,0,Removed,
1,Ichthyosaura ,alpestris,Inner perimeter,41.665035,2.530639,2,3,2019,3/2/2019,DF0484,0,0,0,Removed,
1,Triturus ,marmoratus,Inner perimeter,41.665035,2.530639,2,3,2019,3/2/2019,DF0481,0,0,0,Removed,
1,Triturus ,marmoratus,Inner perimeter,41.665035,2.530639,2,3,2019,3/2/2019,DF0482,0,0,0,Removed,
1,Triturus ,marmoratus,Inner perimeter,41.665035,2.530639,2,3,2019,3/2/2019,DF0483,0,0,0,Removed,
1,Alytes,obstetricans,Inner perimeter,41.665035,2.530639,7,3,2019,3/7/2019,DF0489,0,0,0,Removed,
1,Bufo ,spinosus,Inner perimeter,41.665035,2.530639,7,3,2019,3/7/2019,DF0485,0,0,0,Removed,
1,Bufo ,spinosus,Inner perimeter,41.665035,2.530639,7,3,2019,3/7/2019,DF0486,0,0,0,Removed,
1,Bufo ,spinosus,Inner perimeter,41.665035,2.530639,7,3,2019,3/7/2019,DF0487,0,0,0,Removed,
1,Bufo ,spinosus,Inner perimeter,41.665035,2.530639,7,3,2019,3/7/2019,DF0488,0,0,0,Removed,
1,Triturus ,marmoratus,Inner perimeter,41.665035,2.530639,7,3,2019,3/7/2019,DF0490,0,0,0,Removed,
1,Triturus ,marmoratus,Inner perimeter,41.665035,2.530639,7,3,2019,3/7/2019,DF0491,0,0,0,Removed,
1,Triturus ,marmoratus,Inner perimeter,41.665035,2.530639,7,3,2019,3/7/2019,DF0492,0,0,0,Removed,
1,Triturus ,marmoratus,Inner perimeter,41.665035,2.530639,7,3,2019,3/7/2019,DF0493,0,0,0,Removed,
1,Triturus ,marmoratus,Inner perimeter,41.665035,2.530639,7,3,2019,3/7/2019,DF0494,0,0,0,Removed,
1,Triturus ,marmoratus,Inner perimeter,41.665035,2.530639,7,3,2019,3/7/2019,DF0495,0,0,0,Removed,
1,Triturus ,marmoratus,Inner perimeter,41.665035,2.530639,7,3,2019,3/7/2019,DF0496,0,0,0,Removed,
1,Triturus ,marmoratus,Inner perimeter,41.665035,2.530639,7,3,2019,3/7/2019,DF0497,0,0,0,Removed,
1,Triturus ,marmoratus,Inner perimeter,41.665035,2.530639,7,3,2019,3/7/2019,DF0498,0,0,0,Removed,
1,Triturus ,marmoratus,Inner perimeter,41.665035,2.530639,7,3,2019,3/7/2019,DF0499,0,0,0,Removed,
0,,,Inner perimeter,41.665035,2.530639,9,3,2019,3/9/2019,,,,,,
1,Ichthyosaura ,alpestris,Inner perimeter,41.665035,2.530639,13,3,2019,3/13/2019,DF0551,0,0,0,Removed,
1,Ichthyosaura ,alpestris,Inner perimeter,41.665035,2.530639,13,3,2019,3/13/2019,DF0552,0,0,0,Removed,
1,Ichthyosaura ,alpestris,Inner perimeter,41.665035,2.530639,13,3,2019,3/13/2019,DF0553,0,0,0,Removed,
1,Ichthyosaura ,alpestris,Inner perimeter,41.665035,2.530639,13,3,2019,3/13/2019,DF0554,0,0,0,Removed,
1,Ichthyosaura ,alpestris,Inner perimeter,41.665035,2.530639,13,3,2019,3/13/2019,DF0555,0,0,0,Removed,
1,Salamandra,salamandra,Inner perimeter,41.665035,2.530639,13,3,2019,3/13/2019,DF0543,0,0,0,Removed,
1,Salamandra,salamandra,Inner perimeter,41.665035,2.530639,13,3,2019,3/13/2019,DF0544,2600,0,0,Removed,
1,Triturus ,marmoratus,Inner perimeter,41.665035,2.530639,13,3,2019,3/13/2019,DF0502,0,0,0,Removed,
1,Triturus ,marmoratus,Inner perimeter,41.665035,2.530639,13,3,2019,3/13/2019,DF0503,0,0,0,Removed,
1,Triturus ,marmoratus,Inner perimeter,41.665035,2.530639,13,3,2019,3/13/2019,DF0508,0,0,0,Removed,
1,Triturus ,marmoratus,Inner perimeter,41.665035,2.530639,13,3,2019,3/13/2019,DF0509,0,0,0,Removed,
1,Triturus ,marmoratus,Inner perimeter,41.665035,2.530639,13,3,2019,3/13/2019,DF0510,0,0,0,Removed,
1,Triturus ,marmoratus,Inner perimeter,41.665035,2.530639,13,3,2019,3/13/2019,DF0518,0,0,0,Removed,
1,Triturus ,marmoratus,Inner perimeter,41.665035,2.530639,13,3,2019,3/13/2019,DF0519,0,0,0,Removed,
1,Triturus ,marmoratus,Inner perimeter,41.665035,2.530639,13,3,2019,3/13/2019,DF0520,400,0,0,Removed,
1,Triturus ,marmoratus,Inner perimeter,41.665035,2.530639,13,3,2019,3/13/2019,DF0528,0,0,0,Removed,
1,Triturus ,marmoratus,Inner perimeter,41.665035,2.530639,13,3,2019,3/13/2019,DF0529,138,0,0,Removed,
1,Triturus ,marmoratus,Inner perimeter,41.665035,2.530639,13,3,2019,3/13/2019,DF0530,0,0,0,Removed,
1,Triturus ,marmoratus,Inner perimeter,41.665035,2.530639,13,3,2019,3/13/2019,DF0532,4520,0,0,Removed,
1,Triturus ,marmoratus,Inner perimeter,41.665035,2.530639,13,3,2019,3/13/2019,DF0534,0,0,0,Removed,
1,Triturus ,marmoratus,Inner perimeter,41.665035,2.530639,13,3,2019,3/13/2019,DF0536,98,0,0,Removed,
1,Alytes,obstetricans,Inner perimeter,41.665035,2.530639,16,3,2019,3/16/2019,DF0563,0,0,0,Removed,
1,Ichthyosaura ,alpestris,Inner perimeter,41.665035,2.530639,16,3,2019,3/16/2019,DF0561,0,0,0,Removed,
1,Ichthyosaura ,alpestris,Inner perimeter,41.665035,2.530639,16,3,2019,3/16/2019,DF0562,0,0,0,Removed,
1,Triturus ,marmoratus,Inner perimeter,41.665035,2.530639,16,3,2019,3/16/2019,DF0556,0,0,0,Removed,
1,Triturus ,marmoratus,Inner perimeter,41.665035,2.530639,16,3,2019,3/16/2019,DF0557,0,0,0,Removed,
1,Triturus ,marmoratus,Inner perimeter,41.665035,2.530639,16,3,2019,3/16/2019,DF0558,0,0,0,Removed,
1,Triturus ,marmoratus,Inner perimeter,41.665035,2.530639,16,3,2019,3/16/2019,DF0559,0,0,0,Removed,
1,Triturus ,marmoratus,Inner perimeter,41.665035,2.530639,16,3,2019,3/16/2019,DF0560,0,0,0,Removed,
1,Triturus ,marmoratus,Inner perimeter,41.665035,2.530639,18,3,2019,3/18/2019,DF0564,0,0,0,Removed,
1,Triturus ,marmoratus,Inner perimeter,41.665035,2.530639,18,3,2019,3/18/2019,DF0565,0,0,0,Removed,
1,Ichthyosaura ,alpestris,Inner perimeter,41.665035,2.530639,21,3,2019,3/21/2019,DF0572,0,0,0,Removed,
1,Pelophylax,sp.,Inner perimeter,41.665035,2.530639,21,3,2019,3/21/2019,DF0573,0,0,0,Removed,
1,Triturus ,marmoratus,Inner perimeter,41.665035,2.530639,21,3,2019,3/21/2019,DF0566,7200,0,0,Removed,
1,Triturus ,marmoratus,Inner perimeter,41.665035,2.530639,21,3,2019,3/21/2019,DF0567,0,0,0,Removed,
1,Triturus ,marmoratus,Inner perimeter,41.665035,2.530639,21,3,2019,3/21/2019,DF0568,0,0,0,Removed,
1,Triturus ,marmoratus,Inner perimeter,41.665035,2.530639,21,3,2019,3/21/2019,DF0569,0,0,0,Removed,
1,Triturus ,marmoratus,Inner perimeter,41.665035,2.530639,21,3,2019,3/21/2019,DF0570,0,0,0,Removed,
1,Triturus ,marmoratus,Inner perimeter,41.665035,2.530639,24,3,2019,3/24/2019,DF0574,0,0,0,Removed,
1,Triturus ,marmoratus,Inner perimeter,41.665035,2.530639,28,3,2019,3/28/2019,DF0580,0,0,0,Removed,
1,Triturus ,marmoratus,Inner perimeter,41.665035,2.530639,28,3,2019,3/28/2019,DF0581,0,0,0,Removed,
1,Alytes,obstetricans,2 KM Buffer,41.665035,2.530639,28,3,2019,3/28/2019,DF0584,0,0,0,Returned,
1,Alytes,obstetricans,Park 1–10,41.66523,2.53082,28,3,2019,3/28/2019,CM0019,0,0,0,Returned,
1,Alytes,obstetricans,Park 1–10,41.66523,2.53082,28,3,2019,3/28/2019,CM0020,0,0,0,Returned,
1,Alytes,obstetricans,Park 1–10,41.66523,2.53082,28,3,2019,3/28/2019,CM0021,0,0,0,Returned,
1,Alytes,obstetricans,Park 1–10,41.66523,2.53082,28,3,2019,3/28/2019,CM0022,0,0,0,Returned,
1,Alytes,obstetricans,Park 1–10,41.66523,2.53082,28,3,2019,3/28/2019,CM0023,0,0,0,Returned,
1,Alytes,obstetricans,Park 1–10,41.66523,2.53082,28,3,2019,3/28/2019,CM0024,0,0,0,Returned,
1,Alytes,obstetricans,Park 1–10,41.66523,2.53082,28,3,2019,3/28/2019,CM0025,0,0,0,Returned,
1,Alytes,obstetricans,Park 1–10,41.66523,2.53082,28,3,2019,3/28/2019,CM0026,0,0,0,Returned,
1,Alytes,obstetricans,Park 1–10,41.66523,2.53082,28,3,2019,3/28/2019,CM0027,0,0,0,Returned,
1,Alytes,obstetricans,Park 1–10,41.66523,2.53082,28,3,2019,3/28/2019,CM0028,0,0,0,Returned,
1,Alytes,obstetricans,Park 1–10,41.66523,2.53082,28,3,2019,3/28/2019,CM0037,0,0,0,Returned,
1,Alytes,obstetricans,Park 1–10,41.66523,2.53082,28,3,2019,3/28/2019,CM0038,0,0,0,Returned,
1,Bufo ,spinosus,Park 1–10,41.66523,2.53082,28,3,2019,3/28/2019,CM0049,0,0,0,Returned,
1,Bufo ,spinosus,Park 1–10,41.66523,2.53082,28,3,2019,3/28/2019,CM0050,0,0,0,Returned,
1,Bufo ,spinosus,Park 1–10,41.66523,2.53082,28,3,2019,3/28/2019,CM0051,0,0,0,Returned,
1,Bufo ,spinosus,Park 1–10,41.66523,2.53082,28,3,2019,3/28/2019,CM0052,0,0,0,Returned,
1,Bufo ,spinosus,Park 1–10,41.66523,2.53082,28,3,2019,3/28/2019,CM0053,0,0,0,Returned,
1,Bufo ,spinosus,Park 1–10,41.66523,2.53082,28,3,2019,3/28/2019,CM0054,0,0,0,Returned,
1,Bufo ,spinosus,Park 1–10,41.66523,2.53082,28,3,2019,3/28/2019,CM0055,0,0,0,Returned,
1,Bufo ,spinosus,Park 1–10,41.66523,2.53082,28,3,2019,3/28/2019,CM0056,0,0,0,Returned,
1,Bufo ,spinosus,Park 1–10,41.66523,2.53082,28,3,2019,3/28/2019,CM0057,0,0,0,Returned,
1,Bufo ,spinosus,Park 1–10,41.66523,2.53082,28,3,2019,3/28/2019,CM0058,0,0,0,Returned,
1,Discoglossus,pictus,Park 1–10,41.66523,2.53082,28,3,2019,3/28/2019,CM0039,0,0,0,Returned,
1,Discoglossus,pictus,Park 1–10,41.66523,2.53082,28,3,2019,3/28/2019,CM0040,0,0,0,Returned,
1,Discoglossus,pictus,Park 1–10,41.66523,2.53082,28,3,2019,3/28/2019,CM0041,0,0,0,Returned,
1,Discoglossus,pictus,Park 1–10,41.66523,2.53082,28,3,2019,3/28/2019,CM0042,0,0,0,Returned,
1,Discoglossus,pictus,Park 1–10,41.66523,2.53082,28,3,2019,3/28/2019,CM0043,0,0,0,Returned,
1,Discoglossus,pictus,Park 1–10,41.66523,2.53082,28,3,2019,3/28/2019,CM0044,0,0,0,Returned,
1,Discoglossus,pictus,Park 1–10,41.66523,2.53082,28,3,2019,3/28/2019,CM0045,0,0,0,Returned,
1,Discoglossus,pictus,Park 1–10,41.66523,2.53082,28,3,2019,3/28/2019,CM0046,0,0,0,Returned,
1,Discoglossus,pictus,Park 1–10,41.66523,2.53082,28,3,2019,3/28/2019,CM0047,0,0,0,Returned,
1,Discoglossus,pictus,Park 1–10,41.66523,2.53082,28,3,2019,3/28/2019,CM0048,0,0,0,Returned,
1,Hyla,meridionalis,Park 1–10,41.66523,2.53082,28,3,2019,3/28/2019,CM0030,0,0,0,Returned,
1,Ichthyosaura ,alpestris,Park 1–10,41.66523,2.53082,28,3,2019,3/28/2019,DF0575,0,0,0,Removed,
1,Ichthyosaura ,alpestris,Park 1–10,41.66523,2.53082,28,3,2019,3/28/2019,DF0576,0,0,0,Removed,
1,Ichthyosaura ,alpestris,Park 1–10,41.66523,2.53082,28,3,2019,3/28/2019,DF0577,0,0,0,Removed,
1,Ichthyosaura ,alpestris,Park 1–10,41.66523,2.53082,28,3,2019,3/28/2019,DF0578,0,0,0,Removed,
1,Ichthyosaura ,alpestris,Park 1–10,41.66523,2.53082,28,3,2019,3/28/2019,DF0579,0,0,0,Removed,
1,Pelophylax,sp.,Park 1–10,41.66523,2.53082,28,3,2019,3/28/2019,CM0059,0,0,0,Returned,
1,Pelophylax,sp.,Park 1–10,41.66523,2.53082,28,3,2019,3/28/2019,CM0060,0,0,0,Returned,
1,Pelophylax,sp.,Park 1–10,41.66523,2.53082,28,3,2019,3/28/2019,CM0061,0,0,0,Returned,
1,Pelophylax,sp.,Park 1–10,41.66523,2.53082,28,3,2019,3/28/2019,CM0062,0,0,0,Returned,
1,Pelophylax,sp.,Park 1–10,41.66523,2.53082,28,3,2019,3/28/2019,CM0063,0,0,0,Returned,
1,Pelophylax,sp.,Park 1–10,41.66523,2.53082,28,3,2019,3/28/2019,CM0064,0,0,0,Returned,
1,Pelophylax,sp.,Park 1–10,41.66523,2.53082,28,3,2019,3/28/2019,CM0065,0,0,0,Returned,
1,Pelophylax,sp.,Park 1–10,41.66523,2.53082,28,3,2019,3/28/2019,CM0066,0,0,0,Returned,
1,Pelophylax,sp.,Park 1–10,41.66523,2.53082,28,3,2019,3/28/2019,CM0067,0,0,0,Returned,
1,Pelophylax,sp.,Park 1–10,41.66523,2.53082,28,3,2019,3/28/2019,CM0068,0,0,0,Returned,
1,Pelophylax,sp.,Park 1–10,41.66523,2.53082,28,3,2019,3/28/2019,CM0077,0,0,0,Returned,
1,Pelophylax,sp.,Park 1–10,41.66523,2.53082,28,3,2019,3/28/2019,CM0080,0,0,0,Returned,
1,Pelophylax,sp.,Park 1–10,41.66523,2.53082,28,3,2019,3/28/2019,CM0081,0,0,0,Returned,
1,Pelophylax,sp.,Park 1–10,41.66523,2.53082,28,3,2019,3/28/2019,CM0082,0,0,0,Returned,
1,Pelophylax,sp.,Park 1–10,41.66523,2.53082,28,3,2019,3/28/2019,CM0083,0,0,0,Returned,
1,Pelophylax,sp.,Park 1–10,41.66523,2.53082,28,3,2019,3/28/2019,CM0084,0,0,0,Returned,
1,Pelophylax,sp.,Park 1–10,41.66523,2.53082,28,3,2019,3/28/2019,CM0085,0,0,0,Returned,
1,Salamandra,salamandra,2 KM Buffer,41.665035,2.530639,28,3,2019,3/28/2019,DF0582,0,0,0,Returned,
1,Salamandra,salamandra,2 KM Buffer,41.665035,2.530639,28,3,2019,3/28/2019,DF0583,0,0,0,Returned,
1,Salamandra,salamandra,Park 1–10,41.66523,2.53082,28,3,2019,3/28/2019,CM0031,0,0,0,Returned,
1,Salamandra,salamandra,Park 1–10,41.66523,2.53082,28,3,2019,3/28/2019,CM0032,0,0,0,Returned,
1,Salamandra,salamandra,Park 1–10,41.66523,2.53082,28,3,2019,3/28/2019,CM0033,0,0,0,Returned,
1,Salamandra,salamandra,Park 1–10,41.66523,2.53082,28,3,2019,3/28/2019,CM0034,0,0,0,Returned,
1,Salamandra,salamandra,Park 1–10,41.66523,2.53082,28,3,2019,3/28/2019,CM0035,0,0,0,Returned,
1,Salamandra,salamandra,Park 1–10,41.66523,2.53082,28,3,2019,3/28/2019,CM0036,0,0,0,Returned,
1,Salamandra,salamandra,Park 1–10,41.66523,2.53082,28,3,2019,3/28/2019,CM0078,0,0,0,Returned,
1,Salamandra,salamandra,Park 1–10,41.66523,2.53082,28,3,2019,3/28/2019,CM0096,0,0,0,Returned,
1,Salamandra,salamandra,Park 1–10,41.66523,2.53082,28,3,2019,3/28/2019,CM0097,0,0,0,Returned,
1,Salamandra,salamandra,Park 1–10,41.66523,2.53082,28,3,2019,3/28/2019,CM0098,0,0,0,Returned,
1,Salamandra,salamandra,Park 1–10,41.66523,2.53082,28,3,2019,3/28/2019,CM0099,0,0,0,Returned,
1,Salamandra,salamandra,Park 1–10,41.66523,2.53082,28,3,2019,3/28/2019,CM0079,0,0,0,Returned,
1,Salamandra,salamandra,Park 1–10,41.66523,2.53082,28,3,2019,3/28/2019,CM0086,0,0,0,Returned,
1,Salamandra,salamandra,Park 1–10,41.66523,2.53082,28,3,2019,3/28/2019,CM0087,0,0,0,Returned,
1,Salamandra,salamandra,Park 1–10,41.66523,2.53082,28,3,2019,3/28/2019,CM0088,0,0,0,Returned,
1,Salamandra,salamandra,Park 1–10,41.66523,2.53082,28,3,2019,3/28/2019,CM0089,0,0,0,Returned,
1,Salamandra,salamandra,Park 1–10,41.66523,2.53082,28,3,2019,3/28/2019,CM0090,0,0,0,Returned,
1,Salamandra,salamandra,Park 1–10,41.66523,2.53082,28,3,2019,3/28/2019,CM0091,0,0,0,Returned,
1,Salamandra,salamandra,Park 1–10,41.66523,2.53082,28,3,2019,3/28/2019,CM0092,0,0,0,Returned,
1,Salamandra,salamandra,Park 1–10,41.66523,2.53082,28,3,2019,3/28/2019,CM0093,0,0,0,Returned,
1,Salamandra,salamandra,Park 1–10,41.66523,2.53082,28,3,2019,3/28/2019,CM0094,0,0,0,Returned,
1,Triturus ,anatolicus,Park 1–10,41.66523,2.53082,28,3,2019,3/28/2019,CM0071,0,0,0,Removed,
1,Triturus ,anatolicus x marmoratus,Park 1–10,41.66523,2.53082,28,3,2019,3/28/2019,CM0069,0,0,0,Removed,
1,Triturus ,anatolicus x marmoratus,Park 1–10,41.66523,2.53082,28,3,2019,3/28/2019,CM0072,0,0,0,Removed,
1,Triturus ,anatolicus x marmoratus,Park 1–10,41.66523,2.53082,28,3,2019,3/28/2019,CM0073,0,0,0,Removed,
1,Triturus ,marmoratus,Park 1–10,41.66523,2.53082,28,3,2019,3/28/2019,CM0029,0,0,0,Removed,
1,Triturus ,marmoratus,Park 1–10,41.66523,2.53082,28,3,2019,3/28/2019,CM0070,0,0,0,Removed,
1,Triturus ,marmoratus,Park 1–10,41.66523,2.53082,28,3,2019,3/28/2019,CM0074,0,0,0,Removed,
1,Triturus ,marmoratus,Park 1–10,41.66523,2.53082,28,3,2019,3/28/2019,CM0075,0,0,0,Removed,
1,Triturus ,marmoratus,Park 1–10,41.66523,2.53082,28,3,2019,3/28/2019,CM0076,0,0,0,Removed,
1,Alytes,obstetricans,Inner perimeter,41.665035,2.530639,2,4,2019,4/2/2019,DF0585,0,0,0,Removed,
1,Ichthyosaura ,alpestris,Inner perimeter,41.665035,2.530639,2,4,2019,4/2/2019,DF0635,0,0,0,Removed,
1,Ichthyosaura ,alpestris,Inner perimeter,41.665035,2.530639,2,4,2019,4/2/2019,DF0636,0,0,0,Removed,
1,Ichthyosaura ,alpestris,Inner perimeter,41.665035,2.530639,2,4,2019,4/2/2019,DF0637,0,0,0,Removed,
1,Pelophylax,sp.,Inner perimeter,41.665035,2.530639,2,4,2019,4/2/2019,DF0633,0,0,0,Removed,
1,Pelophylax,sp.,Inner perimeter,41.665035,2.530639,2,4,2019,4/2/2019,DF0634,0,0,0,Removed,
1,Triturus ,marmoratus,Inner perimeter,41.665035,2.530639,2,4,2019,4/2/2019,DF0586,0,0,0,Removed,
1,Triturus ,marmoratus,Inner perimeter,41.665035,2.530639,2,4,2019,4/2/2019,DF0587,0,0,0,Removed,
1,Triturus ,marmoratus,Inner perimeter,41.665035,2.530639,2,4,2019,4/2/2019,DF0588,0,0,0,Removed,
1,Triturus ,marmoratus,Inner perimeter,41.665035,2.530639,2,4,2019,4/2/2019,DF0589,0,0,0,Removed,
1,Triturus ,marmoratus,Inner perimeter,41.665035,2.530639,2,4,2019,4/2/2019,DF0590,0,0,0,Removed,
1,Triturus ,marmoratus,Inner perimeter,41.665035,2.530639,2,4,2019,4/2/2019,DF0591,0,0,0,Removed,
1,Triturus ,marmoratus,Inner perimeter,41.665035,2.530639,2,4,2019,4/2/2019,DF0592,0,0,0,Removed,
1,Triturus ,marmoratus,Inner perimeter,41.665035,2.530639,2,4,2019,4/2/2019,DF0593,0,0,0,Removed,
1,Triturus ,marmoratus,Inner perimeter,41.665035,2.530639,2,4,2019,4/2/2019,DF0594,0,0,0,Removed,
1,Triturus ,marmoratus,Inner perimeter,41.665035,2.530639,2,4,2019,4/2/2019,DF0595,0,0,0,Removed,
1,Triturus ,marmoratus,Inner perimeter,41.665035,2.530639,2,4,2019,4/2/2019,DF0596,0,0,0,Removed,
1,Triturus ,marmoratus,Inner perimeter,41.665035,2.530639,2,4,2019,4/2/2019,DF0597,0,0,0,Removed,
1,Triturus ,marmoratus,Inner perimeter,41.665035,2.530639,2,4,2019,4/2/2019,DF0598,0,0,0,Removed,
1,Triturus ,marmoratus,Inner perimeter,41.665035,2.530639,2,4,2019,4/2/2019,DF0599,0,0,0,Removed,
1,Triturus ,marmoratus,Inner perimeter,41.665035,2.530639,2,4,2019,4/2/2019,DF0600,0,0,0,Removed,
1,Triturus ,marmoratus,Inner perimeter,41.665035,2.530639,2,4,2019,4/2/2019,DF0601,0,0,0,Removed,
1,Triturus ,marmoratus,Inner perimeter,41.665035,2.530639,2,4,2019,4/2/2019,DF0602,0,0,0,Removed,
1,Triturus ,marmoratus,Inner perimeter,41.665035,2.530639,2,4,2019,4/2/2019,DF0603,0,0,0,Removed,
1,Triturus ,marmoratus,Inner perimeter,41.665035,2.530639,2,4,2019,4/2/2019,DF0604,0,0,0,Removed,
1,Triturus ,marmoratus,Inner perimeter,41.665035,2.530639,2,4,2019,4/2/2019,DF0605,0,0,0,Removed,
1,Triturus ,marmoratus,Inner perimeter,41.665035,2.530639,2,4,2019,4/2/2019,DF0606,56000,0,0,Removed,
1,Triturus ,marmoratus,Inner perimeter,41.665035,2.530639,2,4,2019,4/2/2019,DF0607,1118,0,0,Removed,
1,Triturus ,marmoratus,Inner perimeter,41.665035,2.530639,2,4,2019,4/2/2019,DF0608,7440,0,0,Removed,
1,Triturus ,marmoratus,Inner perimeter,41.665035,2.530639,2,4,2019,4/2/2019,DF0609,0,0,0,Removed,
1,Triturus ,marmoratus,Inner perimeter,41.665035,2.530639,2,4,2019,4/2/2019,DF0610,0,0,0,Removed,
1,Triturus ,marmoratus,Inner perimeter,41.665035,2.530639,2,4,2019,4/2/2019,DF0611,5480,0,0,Removed,
1,Triturus ,marmoratus,Inner perimeter,41.665035,2.530639,2,4,2019,4/2/2019,DF0612,4880,0,0,Removed,
1,Triturus ,marmoratus,Inner perimeter,41.665035,2.530639,2,4,2019,4/2/2019,DF0613,7180,0,0,Removed,
1,Triturus ,marmoratus,Inner perimeter,41.665035,2.530639,2,4,2019,4/2/2019,DF0614,0,0,0,Removed,
1,Triturus ,marmoratus,Inner perimeter,41.665035,2.530639,2,4,2019,4/2/2019,DF0615,5400,0,0,Removed,
1,Triturus ,marmoratus,Inner perimeter,41.665035,2.530639,2,4,2019,4/2/2019,DF0616,206,0,0,Removed,
1,Triturus ,marmoratus,Inner perimeter,41.665035,2.530639,2,4,2019,4/2/2019,DF0617,0,0,0,Removed,
1,Triturus ,marmoratus,Inner perimeter,41.665035,2.530639,2,4,2019,4/2/2019,DF0618,0,0,0,Removed,
1,Triturus ,marmoratus,Inner perimeter,41.665035,2.530639,2,4,2019,4/2/2019,DF0619,106,0,0,Removed,
1,Triturus ,marmoratus,Inner perimeter,41.665035,2.530639,2,4,2019,4/2/2019,DF0620,0,0,0,Removed,
1,Triturus ,marmoratus,Inner perimeter,41.665035,2.530639,2,4,2019,4/2/2019,DF0621,0,0,0,Removed,
1,Triturus ,marmoratus,Inner perimeter,41.665035,2.530639,2,4,2019,4/2/2019,DF0622,0,0,0,Removed,
1,Triturus ,marmoratus,Inner perimeter,41.665035,2.530639,2,4,2019,4/2/2019,DF0623,7200,0,0,Removed,
1,Triturus ,marmoratus,Inner perimeter,41.665035,2.530639,2,4,2019,4/2/2019,DF0624,0,0,0,Removed,
1,Triturus ,marmoratus,Inner perimeter,41.665035,2.530639,2,4,2019,4/2/2019,DF0625,216,0,0,Removed,
1,Triturus ,marmoratus,Inner perimeter,41.665035,2.530639,2,4,2019,4/2/2019,DF0626,460,0,0,Removed,
1,Triturus ,marmoratus,Inner perimeter,41.665035,2.530639,2,4,2019,4/2/2019,DF0627,0,0,0,Removed,
1,Triturus ,marmoratus,Inner perimeter,41.665035,2.530639,2,4,2019,4/2/2019,DF0628,0,0,0,Removed,
1,Triturus ,marmoratus,Inner perimeter,41.665035,2.530639,2,4,2019,4/2/2019,DF0629,0,0,0,Removed,
1,Triturus ,marmoratus,Inner perimeter,41.665035,2.530639,2,4,2019,4/2/2019,DF0630,0,0,0,Removed,
1,Triturus ,marmoratus,Inner perimeter,41.665035,2.530639,2,4,2019,4/2/2019,DF0631,204,0,0,Removed,
1,Triturus ,marmoratus,Inner perimeter,41.665035,2.530639,2,4,2019,4/2/2019,DF0632,0,0,0,Removed,
0,,,Inner perimeter,41.665035,2.530639,4,4,2019,4/4/2019,,,,,,
0,,,Inner perimeter,41.665035,2.530639,7,4,2019,4/7/2019,,,,,,
1,Pelophylax,sp.,Inner perimeter,41.665035,2.530639,11,4,2019,4/11/2019,DF0702,0,0,0,Removed,
1,Triturus ,marmoratus,Inner perimeter,41.665035,2.530639,11,4,2019,4/11/2019,DF0638,520,0,0,Removed,
1,Triturus ,marmoratus,Inner perimeter,41.665035,2.530639,11,4,2019,4/11/2019,DF0639,0,0,0,Removed,
1,Triturus ,marmoratus,Inner perimeter,41.665035,2.530639,11,4,2019,4/11/2019,DF0640,0,0,0,Removed,
1,Triturus ,marmoratus,Inner perimeter,41.665035,2.530639,11,4,2019,4/11/2019,DF0641,0,0,0,Removed,
1,Triturus ,marmoratus,Inner perimeter,41.665035,2.530639,11,4,2019,4/11/2019,DF0642,400,0,0,Removed,
1,Triturus ,marmoratus,Inner perimeter,41.665035,2.530639,11,4,2019,4/11/2019,DF0643,0,0,0,Removed,
1,Triturus ,marmoratus,Inner perimeter,41.665035,2.530639,11,4,2019,4/11/2019,DF0644,440,0,0,Removed,
1,Triturus ,marmoratus,Inner perimeter,41.665035,2.530639,11,4,2019,4/11/2019,DF0645,0,0,0,Removed,
1,Triturus ,marmoratus,Inner perimeter,41.665035,2.530639,11,4,2019,4/11/2019,DF0646,0,0,0,Removed,
1,Triturus ,marmoratus,Inner perimeter,41.665035,2.530639,11,4,2019,4/11/2019,DF0647,0,0,0,Removed,
1,Triturus ,marmoratus,Inner perimeter,41.665035,2.530639,11,4,2019,4/11/2019,DF0648,0,0,0,Removed,
1,Triturus ,marmoratus,Inner perimeter,41.665035,2.530639,11,4,2019,4/11/2019,DF0649,0,0,0,Removed,
1,Triturus ,marmoratus,Inner perimeter,41.665035,2.530639,11,4,2019,4/11/2019,DF0650,0,0,0,Removed,
1,Triturus ,marmoratus,Inner perimeter,41.665035,2.530639,11,4,2019,4/11/2019,DF0651,0,0,0,Removed,
1,Triturus ,marmoratus,Inner perimeter,41.665035,2.530639,11,4,2019,4/11/2019,DF0652,36200,0,0,Removed,
1,Triturus ,marmoratus,Inner perimeter,41.665035,2.530639,11,4,2019,4/11/2019,DF0653,0,0,0,Removed,
1,Triturus ,marmoratus,Inner perimeter,41.665035,2.530639,11,4,2019,4/11/2019,DF0654,0,0,0,Removed,
1,Triturus ,marmoratus,Inner perimeter,41.665035,2.530639,11,4,2019,4/11/2019,DF0655,864,0,0,Removed,
1,Triturus ,marmoratus,Inner perimeter,41.665035,2.530639,11,4,2019,4/11/2019,DF0656,200,0,0,Removed,
1,Triturus ,marmoratus,Inner perimeter,41.665035,2.530639,11,4,2019,4/11/2019,DF0657,236,0,0,Removed,
1,Triturus ,marmoratus,Inner perimeter,41.665035,2.530639,11,4,2019,4/11/2019,DF0658,0,0,0,Removed,
1,Triturus ,marmoratus,Inner perimeter,41.665035,2.530639,11,4,2019,4/11/2019,DF0659,0,0,0,Removed,
1,Triturus ,marmoratus,Inner perimeter,41.665035,2.530639,11,4,2019,4/11/2019,DF0660,0,0,0,Removed,
1,Triturus ,marmoratus,Inner perimeter,41.665035,2.530639,11,4,2019,4/11/2019,DF0661,934,0,0,Removed,
1,Triturus ,marmoratus,Inner perimeter,41.665035,2.530639,11,4,2019,4/11/2019,DF0662,0,0,0,Removed,
1,Triturus ,marmoratus,Inner perimeter,41.665035,2.530639,11,4,2019,4/11/2019,DF0663,310,0,0,Removed,
1,Triturus ,marmoratus,Inner perimeter,41.665035,2.530639,11,4,2019,4/11/2019,DF0664,310,0,0,Removed,
1,Triturus ,marmoratus,Inner perimeter,41.665035,2.530639,11,4,2019,4/11/2019,DF0665,0,0,0,Removed,
1,Triturus ,marmoratus,Inner perimeter,41.665035,2.530639,11,4,2019,4/11/2019,DF0666,0,0,0,Removed,
1,Triturus ,marmoratus,Inner perimeter,41.665035,2.530639,11,4,2019,4/11/2019,DF0667,0,0,0,Removed,
1,Triturus ,marmoratus,Inner perimeter,41.665035,2.530639,11,4,2019,4/11/2019,DF0668,330,0,0,Removed,
1,Triturus ,marmoratus,Inner perimeter,41.665035,2.530639,11,4,2019,4/11/2019,DF0669,200,0,0,Removed,
1,Triturus ,marmoratus,Inner perimeter,41.665035,2.530639,11,4,2019,4/11/2019,DF0670,4740,0,0,Removed,
1,Triturus ,marmoratus,Inner perimeter,41.665035,2.530639,11,4,2019,4/11/2019,DF0671,26000,0,0,Removed,
1,Triturus ,marmoratus,Inner perimeter,41.665035,2.530639,11,4,2019,4/11/2019,DF0672,5300,0,0,Removed,
1,Triturus ,marmoratus,Inner perimeter,41.665035,2.530639,11,4,2019,4/11/2019,DF0673,24600,0,0,Removed,
1,Triturus ,marmoratus,Inner perimeter,41.665035,2.530639,11,4,2019,4/11/2019,DF0674,53800,0,0,Removed,
1,Triturus ,marmoratus,Inner perimeter,41.665035,2.530639,11,4,2019,4/11/2019,DF0675,166000,0,0,Removed,
1,Triturus ,marmoratus,Inner perimeter,41.665035,2.530639,11,4,2019,4/11/2019,DF0676,64000,0,0,Removed,
1,Triturus ,marmoratus,Inner perimeter,41.665035,2.530639,11,4,2019,4/11/2019,DF0677,0,0,0,Removed,
1,Triturus ,marmoratus,Inner perimeter,41.665035,2.530639,11,4,2019,4/11/2019,DF0678,0,0,0,Removed,
1,Triturus ,marmoratus,Inner perimeter,41.665035,2.530639,11,4,2019,4/11/2019,DF0679,0,0,0,Removed,
1,Triturus ,marmoratus,Inner perimeter,41.665035,2.530639,11,4,2019,4/11/2019,DF0680,784,0,0,Removed,
1,Triturus ,marmoratus,Inner perimeter,41.665035,2.530639,11,4,2019,4/11/2019,DF0681,18900,0,0,Removed,
1,Triturus ,marmoratus,Inner perimeter,41.665035,2.530639,11,4,2019,4/11/2019,DF0682,0,0,0,Removed,
1,Triturus ,marmoratus,Inner perimeter,41.665035,2.530639,11,4,2019,4/11/2019,DF0683,3860,0,0,Removed,
1,Triturus ,marmoratus,Inner perimeter,41.665035,2.530639,11,4,2019,4/11/2019,DF0684,620,0,0,Removed,
1,Triturus ,marmoratus,Inner perimeter,41.665035,2.530639,11,4,2019,4/11/2019,DF0685,0,0,0,Removed,
1,Triturus ,marmoratus,Inner perimeter,41.665035,2.530639,11,4,2019,4/11/2019,DF0686,414,0,0,Removed,
1,Triturus ,marmoratus,Inner perimeter,41.665035,2.530639,11,4,2019,4/11/2019,DF0687,12440,0,0,Removed,
1,Triturus ,marmoratus,Inner perimeter,41.665035,2.530639,11,4,2019,4/11/2019,DF0688,10980,0,0,Removed,
1,Triturus ,marmoratus,Inner perimeter,41.665035,2.530639,11,4,2019,4/11/2019,DF0689,3360,0,0,Removed,
1,Triturus ,marmoratus,Inner perimeter,41.665035,2.530639,11,4,2019,4/11/2019,DF0690,400,0,0,Removed,
1,Triturus ,marmoratus,Inner perimeter,41.665035,2.530639,11,4,2019,4/11/2019,DF0691,0,0,0,Removed,
1,Triturus ,marmoratus,Inner perimeter,41.665035,2.530639,11,4,2019,4/11/2019,DF0692,0,0,0,Removed,
1,Triturus ,marmoratus,Inner perimeter,41.665035,2.530639,11,4,2019,4/11/2019,DF0693,0,0,0,Removed,
1,Triturus ,marmoratus,Inner perimeter,41.665035,2.530639,11,4,2019,4/11/2019,DF0694,0,0,0,Removed,
1,Triturus ,marmoratus,Inner perimeter,41.665035,2.530639,11,4,2019,4/11/2019,DF0695,298,0,0,Removed,
1,Triturus ,marmoratus,Inner perimeter,41.665035,2.530639,11,4,2019,4/11/2019,DF0696,3060,0,0,Removed,
1,Triturus ,marmoratus,Inner perimeter,41.665035,2.530639,11,4,2019,4/11/2019,DF0697,510,0,0,Removed,
1,Triturus ,marmoratus,Inner perimeter,41.665035,2.530639,11,4,2019,4/11/2019,DF0698,202,0,0,Removed,
1,Triturus ,marmoratus,Inner perimeter,41.665035,2.530639,11,4,2019,4/11/2019,DF0699,0,0,0,Removed,
1,Triturus ,marmoratus,Inner perimeter,41.665035,2.530639,11,4,2019,4/11/2019,DF0700,0,0,0,Removed,
1,Triturus ,marmoratus,Inner perimeter,41.665035,2.530639,11,4,2019,4/11/2019,DF0701,0,0,0,Removed,
1,Alytes,obstetricans,Inner perimeter,41.665035,2.530639,14,4,2019,4/14/2019,DF0710,0,0,0,Removed,
1,Triturus ,marmoratus,Inner perimeter,41.665035,2.530639,14,4,2019,4/14/2019,DF0703,0,0,0,Removed,
1,Triturus ,marmoratus,Inner perimeter,41.665035,2.530639,14,4,2019,4/14/2019,DF0704,0,0,0,Removed,
1,Triturus ,marmoratus,Inner perimeter,41.665035,2.530639,14,4,2019,4/14/2019,DF0705,0,0,0,Removed,
1,Triturus ,marmoratus,Inner perimeter,41.665035,2.530639,14,4,2019,4/14/2019,DF0706,0,0,0,Removed,
1,Triturus ,marmoratus,Inner perimeter,41.665035,2.530639,14,4,2019,4/14/2019,DF0707,0,0,0,Removed,
1,Triturus ,marmoratus,Inner perimeter,41.665035,2.530639,14,4,2019,4/14/2019,DF0708,0,0,0,Removed,
1,Triturus ,marmoratus,Inner perimeter,41.665035,2.530639,14,4,2019,4/14/2019,DF0709,0,0,0,Removed,
1,Triturus ,marmoratus,Inner perimeter,41.665035,2.530639,18,4,2019,4/18/2019,DF0711,0,0,0,Removed,
1,Triturus ,marmoratus,Inner perimeter,41.665035,2.530639,18,4,2019,4/18/2019,DF0712,0,0,0,Removed,
1,Triturus ,marmoratus,Inner perimeter,41.665035,2.530639,18,4,2019,4/18/2019,DF0713,0,0,0,Removed,
1,Triturus ,marmoratus,Inner perimeter,41.665035,2.530639,18,4,2019,4/18/2019,DF0714,0,0,0,Removed,
1,Triturus ,marmoratus,Inner perimeter,41.665035,2.530639,18,4,2019,4/18/2019,DF0715,0,0,0,Removed,
1,Triturus ,marmoratus,Inner perimeter,41.665035,2.530639,23,4,2019,4/23/2019,DF0716,0,0,0,Removed,
1,Triturus ,marmoratus,Inner perimeter,41.665035,2.530639,23,4,2019,4/23/2019,DF0717,0,0,0,Removed,
1,Triturus ,marmoratus,Inner perimeter,41.665035,2.530639,23,4,2019,4/23/2019,DF0718,0,0,0,Removed,
1,Pelophylax,sp.,Inner perimeter,41.665035,2.530639,25,4,2019,4/25/2019,DF0779,0,0,0,Removed,
1,Pelophylax,sp.,Inner perimeter,41.665035,2.530639,25,4,2019,4/25/2019,DF0780,0,0,0,Removed,
1,Triturus ,marmoratus,Inner perimeter,41.665035,2.530639,25,4,2019,4/25/2019,DF0719,33,0,0,Removed,
1,Triturus ,marmoratus,Inner perimeter,41.665035,2.530639,25,4,2019,4/25/2019,DF0720,53,0,0,Removed,
1,Triturus ,marmoratus,Inner perimeter,41.665035,2.530639,25,4,2019,4/25/2019,DF0721,55,0,0,Removed,
1,Triturus ,marmoratus,Inner perimeter,41.665035,2.530639,25,4,2019,4/25/2019,DF0722,0,0,0,Removed,
1,Triturus ,marmoratus,Inner perimeter,41.665035,2.530639,25,4,2019,4/25/2019,DF0723,143,0,0,Removed,
1,Triturus ,marmoratus,Inner perimeter,41.665035,2.530639,25,4,2019,4/25/2019,DF0724,210,0,0,Removed,
1,Triturus ,marmoratus,Inner perimeter,41.665035,2.530639,25,4,2019,4/25/2019,DF0725,0,0,0,Removed,
1,Triturus ,marmoratus,Inner perimeter,41.665035,2.530639,25,4,2019,4/25/2019,DF0726,0,0,0,Removed,
1,Triturus ,marmoratus,Inner perimeter,41.665035,2.530639,25,4,2019,4/25/2019,DF0727,0,0,0,Removed,
1,Triturus ,marmoratus,Inner perimeter,41.665035,2.530639,25,4,2019,4/25/2019,DF0728,0,0,0,Removed,
1,Triturus ,marmoratus,Inner perimeter,41.665035,2.530639,25,4,2019,4/25/2019,DF0729,0,0,0,Removed,
1,Triturus ,marmoratus,Inner perimeter,41.665035,2.530639,25,4,2019,4/25/2019,DF0730,0,0,0,Removed,
1,Triturus ,marmoratus,Inner perimeter,41.665035,2.530639,25,4,2019,4/25/2019,DF0731,0,0,0,Removed,
1,Triturus ,marmoratus,Inner perimeter,41.665035,2.530639,25,4,2019,4/25/2019,DF0732,0,0,0,Removed,
1,Triturus ,marmoratus,Inner perimeter,41.665035,2.530639,25,4,2019,4/25/2019,DF0733,0,0,0,Removed,
1,Triturus ,marmoratus,Inner perimeter,41.665035,2.530639,25,4,2019,4/25/2019,DF0734,16480,0,0,Removed,
1,Triturus ,marmoratus,Inner perimeter,41.665035,2.530639,25,4,2019,4/25/2019,DF0735,1076,0,0,Removed,
1,Triturus ,marmoratus,Inner perimeter,41.665035,2.530639,25,4,2019,4/25/2019,DF0736,0,0,0,Removed,
1,Triturus ,marmoratus,Inner perimeter,41.665035,2.530639,25,4,2019,4/25/2019,DF0737,464,0,0,Removed,
1,Triturus ,marmoratus,Inner perimeter,41.665035,2.530639,25,4,2019,4/25/2019,DF0738,426,0,0,Removed,
1,Triturus ,marmoratus,Inner perimeter,41.665035,2.530639,25,4,2019,4/25/2019,DF0739,386,0,0,Removed,
1,Triturus ,marmoratus,Inner perimeter,41.665035,2.530639,25,4,2019,4/25/2019,DF0740,2380,0,0,Removed,
1,Triturus ,marmoratus,Inner perimeter,41.665035,2.530639,25,4,2019,4/25/2019,DF0741,11620,0,0,Removed,
1,Triturus ,marmoratus,Inner perimeter,41.665035,2.530639,25,4,2019,4/25/2019,DF0742,3020,0,0,Removed,
1,Triturus ,marmoratus,Inner perimeter,41.665035,2.530639,25,4,2019,4/25/2019,DF0743,868,0,0,Removed,
1,Triturus ,marmoratus,Inner perimeter,41.665035,2.530639,25,4,2019,4/25/2019,DF0744,18560,0,0,Removed,
1,Triturus ,marmoratus,Inner perimeter,41.665035,2.530639,25,4,2019,4/25/2019,DF0745,0,0,0,Removed,
1,Triturus ,marmoratus,Inner perimeter,41.665035,2.530639,25,4,2019,4/25/2019,DF0746,16120,0,0,Removed,
1,Triturus ,marmoratus,Inner perimeter,41.665035,2.530639,25,4,2019,4/25/2019,DF0747,3600,0,0,Removed,
1,Triturus ,marmoratus,Inner perimeter,41.665035,2.530639,25,4,2019,4/25/2019,DF0748,1024,0,0,Removed,
1,Triturus ,marmoratus,Inner perimeter,41.665035,2.530639,25,4,2019,4/25/2019,DF0749,9180,0,0,Removed,
1,Triturus ,marmoratus,Inner perimeter,41.665035,2.530639,25,4,2019,4/25/2019,DF0750,2300,0,0,Removed,
1,Triturus ,marmoratus,Inner perimeter,41.665035,2.530639,25,4,2019,4/25/2019,DF0751,576,0,0,Removed,
1,Triturus ,marmoratus,Inner perimeter,41.665035,2.530639,25,4,2019,4/25/2019,DF0752,496,0,0,Removed,
1,Triturus ,marmoratus,Inner perimeter,41.665035,2.530639,25,4,2019,4/25/2019,DF0753,614,0,0,Removed,
1,Triturus ,marmoratus,Inner perimeter,41.665035,2.530639,25,4,2019,4/25/2019,DF0754,1532,0,0,Removed,
1,Triturus ,marmoratus,Inner perimeter,41.665035,2.530639,25,4,2019,4/25/2019,DF0755,0,0,0,Removed,
1,Triturus ,marmoratus,Inner perimeter,41.665035,2.530639,25,4,2019,4/25/2019,DF0756,798,0,0,Removed,
1,Triturus ,marmoratus,Inner perimeter,41.665035,2.530639,25,4,2019,4/25/2019,DF0757,0,0,0,Removed,
1,Triturus ,marmoratus,Inner perimeter,41.665035,2.530639,25,4,2019,4/25/2019,DF0758,1326,0,0,Removed,
1,Triturus ,marmoratus,Inner perimeter,41.665035,2.530639,25,4,2019,4/25/2019,DF0759,366,0,0,Removed,
1,Triturus ,marmoratus,Inner perimeter,41.665035,2.530639,25,4,2019,4/25/2019,DF0760,1102,0,0,Removed,
1,Triturus ,marmoratus,Inner perimeter,41.665035,2.530639,25,4,2019,4/25/2019,DF0761,668,0,0,Removed,
1,Triturus ,marmoratus,Inner perimeter,41.665035,2.530639,25,4,2019,4/25/2019,DF0762,826,0,0,Removed,
1,Triturus ,marmoratus,Inner perimeter,41.665035,2.530639,25,4,2019,4/25/2019,DF0763,1182,0,0,Removed,
1,Triturus ,marmoratus,Inner perimeter,41.665035,2.530639,25,4,2019,4/25/2019,DF0764,0,0,0,Removed,
1,Triturus ,marmoratus,Inner perimeter,41.665035,2.530639,25,4,2019,4/25/2019,DF0765,0,0,0,Removed,
1,Triturus ,marmoratus,Inner perimeter,41.665035,2.530639,25,4,2019,4/25/2019,DF0766,908,0,0,Removed,
1,Triturus ,marmoratus,Inner perimeter,41.665035,2.530639,25,4,2019,4/25/2019,DF0767,31,0,0,Removed,
1,Triturus ,marmoratus,Inner perimeter,41.665035,2.530639,25,4,2019,4/25/2019,DF0768,0,0,0,Removed,
1,Triturus ,marmoratus,Inner perimeter,41.665035,2.530639,25,4,2019,4/25/2019,DF0769,0,0,0,Removed,
1,Triturus ,marmoratus,Inner perimeter,41.665035,2.530639,25,4,2019,4/25/2019,DF0770,0,0,0,Removed,
1,Triturus ,marmoratus,Inner perimeter,41.665035,2.530639,25,4,2019,4/25/2019,DF0771,0,0,0,Removed,
1,Triturus ,marmoratus,Inner perimeter,41.665035,2.530639,25,4,2019,4/25/2019,DF0772,3000,0,0,Removed,
1,Triturus ,marmoratus,Inner perimeter,41.665035,2.530639,25,4,2019,4/25/2019,DF0773,498,0,0,Removed,
1,Triturus ,marmoratus,Inner perimeter,41.665035,2.530639,25,4,2019,4/25/2019,DF0774,316,0,0,Removed,
1,Alytes,obstetricans,2 KM Buffer,41.665035,2.530639,26,4,2019,4/26/2019,DF0809,0,0,0,Returned,
1,Alytes,obstetricans,2 KM Buffer,41.665035,2.530639,26,4,2019,4/26/2019,DF0810,0,0,0,Returned,
1,Pelophylax,sp.,2 KM Buffer,41.665035,2.530639,26,4,2019,4/26/2019,DF0788,0,0,0,Returned,
1,Pelophylax,sp.,2 KM Buffer,41.665035,2.530639,26,4,2019,4/26/2019,DF0789,0,0,0,Returned,
1,Pelophylax,sp.,2 KM Buffer,41.665035,2.530639,26,4,2019,4/26/2019,DF0790,0,0,0,Returned,
1,Pelophylax,sp.,2 KM Buffer,41.665035,2.530639,26,4,2019,4/26/2019,DF0791,0,0,0,Returned,
1,Pelophylax,sp.,2 KM Buffer,41.665035,2.530639,26,4,2019,4/26/2019,DF0794,0,0,0,Returned,
1,Pelophylax,sp.,2 KM Buffer,41.665035,2.530639,26,4,2019,4/26/2019,DF0795,0,0,0,Returned,
1,Pelophylax,sp.,2 KM Buffer,41.665035,2.530639,26,4,2019,4/26/2019,DF0796,0,0,0,Returned,
1,Pelophylax,sp.,2 KM Buffer,41.665035,2.530639,26,4,2019,4/26/2019,DF0797,0,0,0,Returned,
1,Pelophylax,sp.,2 KM Buffer,41.665035,2.530639,26,4,2019,4/26/2019,DF0798,0,0,0,Returned,
1,Pelophylax,sp.,2 KM Buffer,41.665035,2.530639,26,4,2019,4/26/2019,DF0799,0,0,0,Returned,
1,Pelophylax,sp.,2 KM Buffer,41.665035,2.530639,26,4,2019,4/26/2019,DF0800,0,0,0,Returned,
1,Triturus ,marmoratus,2 KM Buffer,41.665035,2.530639,26,4,2019,4/26/2019,DF0781,0,0,0,Returned,
1,Triturus ,marmoratus,2 KM Buffer,41.665035,2.530639,26,4,2019,4/26/2019,DF0782,0,0,0,Returned,
1,Triturus ,marmoratus,2 KM Buffer,41.665035,2.530639,26,4,2019,4/26/2019,DF0783,0,0,0,Returned,
1,Triturus ,marmoratus,2 KM Buffer,41.665035,2.530639,26,4,2019,4/26/2019,DF0784,0,0,0,Returned,
1,Triturus ,marmoratus,2 KM Buffer,41.665035,2.530639,26,4,2019,4/26/2019,DF0785,0,0,0,Returned,
1,Triturus ,marmoratus,2 KM Buffer,41.665035,2.530639,26,4,2019,4/26/2019,DF0786,0,0,0,Returned,
1,Triturus ,marmoratus,2 KM Buffer,41.665035,2.530639,26,4,2019,4/26/2019,DF0787,0,0,0,Returned,
1,Triturus ,marmoratus,2 KM Buffer,41.665035,2.530639,26,4,2019,4/26/2019,DF0792,0,0,0,Returned,
1,Triturus ,marmoratus,2 KM Buffer,41.665035,2.530639,26,4,2019,4/26/2019,DF0793,0,0,0,Returned,
1,Triturus ,marmoratus,2 KM Buffer,41.665035,2.530639,26,4,2019,4/26/2019,DF0802,0,0,0,Returned,
1,Triturus ,marmoratus,2 KM Buffer,41.665035,2.530639,26,4,2019,4/26/2019,DF0803,0,0,0,Returned,
1,Triturus ,marmoratus,2 KM Buffer,41.665035,2.530639,26,4,2019,4/26/2019,DF0804,0,0,0,Returned,
1,Triturus ,marmoratus,2 KM Buffer,41.665035,2.530639,26,4,2019,4/26/2019,DF0811,0,0,0,Returned,
1,Triturus ,marmoratus,2 KM Buffer,41.665035,2.530639,26,4,2019,4/26/2019,DF0812,0,0,0,Returned,
1,Triturus ,marmoratus,2 KM Buffer,41.665035,2.530639,26,4,2019,4/26/2019,DF0813,0,0,0,Returned,
1,Triturus ,marmoratus,2 KM Buffer,41.665035,2.530639,26,4,2019,4/26/2019,DF0814,0,0,0,Returned,
1,Triturus ,marmoratus,2 KM Buffer,41.665035,2.530639,26,4,2019,4/26/2019,DF0815,0,0,0,Returned,
1,Triturus ,marmoratus,2 KM Buffer,41.665035,2.530639,26,4,2019,4/26/2019,DF0816,0,0,0,Returned,
1,Triturus ,marmoratus,2 KM Buffer,41.665035,2.530639,26,4,2019,4/26/2019,DF0817,0,0,0,Returned,
1,Triturus ,marmoratus,2 KM Buffer,41.665035,2.530639,26,4,2019,4/26/2019,DF0818,0,0,0,Returned,
1,Triturus ,marmoratus,2 KM Buffer,41.665035,2.530639,26,4,2019,4/26/2019,DF0819,0,0,0,Returned,
1,Triturus ,marmoratus,2 KM Buffer,41.665035,2.530639,26,4,2019,4/26/2019,DF0820,0,0,0,Returned,
1,Triturus ,marmoratus,2 KM Buffer,41.665035,2.530639,26,4,2019,4/26/2019,DF0821,0,0,0,Returned,
1,Triturus ,marmoratus,2 KM Buffer,41.665035,2.530639,26,4,2019,4/26/2019,DF0822,0,0,0,Returned,
1,Triturus ,marmoratus,2 KM Buffer,41.665035,2.530639,26,4,2019,4/26/2019,DF0823,0,0,0,Returned,
1,Triturus ,marmoratus,2 KM Buffer,41.665035,2.530639,26,4,2019,4/26/2019,DF0824,0,0,0,Returned,
1,Triturus ,marmoratus,2 KM Buffer,41.665035,2.530639,26,4,2019,4/26/2019,DF0825,0,0,0,Returned,
1,Triturus ,marmoratus,2 KM Buffer,41.665035,2.530639,26,4,2019,4/26/2019,DF0826,0,0,0,Returned,
1,Triturus ,marmoratus,2 KM Buffer,41.665035,2.530639,26,4,2019,4/26/2019,DF0827,0,0,0,Returned,
1,Triturus ,marmoratus,2 KM Buffer,41.665035,2.530639,26,4,2019,4/26/2019,DF0828,0,0,0,Returned,
1,Triturus ,marmoratus,2 KM Buffer,41.665035,2.530639,26,4,2019,4/26/2019,DF0829,0,0,0,Returned,
1,Triturus ,marmoratus,2 KM Buffer,41.665035,2.530639,26,4,2019,4/26/2019,DF0830,0,0,0,Returned,
1,Triturus ,marmoratus,2 KM Buffer,41.665035,2.530639,26,4,2019,4/26/2019,DF0831,0,0,0,Returned,
1,Triturus ,marmoratus,2 KM Buffer,41.665035,2.530639,26,4,2019,4/26/2019,DF0832,0,0,0,Returned,
1,Triturus ,marmoratus,Inner perimeter,41.665035,2.530639,28,4,2019,4/28/2019,DF0806,0,0,0,Removed,
1,Triturus ,marmoratus,Inner perimeter,41.665035,2.530639,28,4,2019,4/28/2019,DF0807,0,0,0,Removed,
1,Triturus ,marmoratus,Inner perimeter,41.665035,2.530639,28,4,2019,4/28/2019,DF0808,0,0,0,Removed,
1,Pelophylax,sp.,Inner perimeter,41.665035,2.530639,3,5,2019,5/3/2019,DF0849,0,0,0,Removed,
1,Triturus ,marmoratus,Inner perimeter,41.665035,2.530639,3,5,2019,5/3/2019,DF0833,2040,0,0,Removed,
1,Triturus ,marmoratus,Inner perimeter,41.665035,2.530639,3,5,2019,5/3/2019,DF0834,0,0,0,Removed,
1,Triturus ,marmoratus,Inner perimeter,41.665035,2.530639,3,5,2019,5/3/2019,DF0835,195,0,0,Removed,
1,Triturus ,marmoratus,Inner perimeter,41.665035,2.530639,3,5,2019,5/3/2019,DF0836,0,0,0,Removed,
1,Triturus ,marmoratus,Inner perimeter,41.665035,2.530639,3,5,2019,5/3/2019,DF0837,602,0,0,Removed,
1,Triturus ,marmoratus,Inner perimeter,41.665035,2.530639,3,5,2019,5/3/2019,DF0838,0,0,0,Removed,
1,Triturus ,marmoratus,Inner perimeter,41.665035,2.530639,3,5,2019,5/3/2019,DF0839,85,0,0,Removed,
1,Triturus ,marmoratus,Inner perimeter,41.665035,2.530639,3,5,2019,5/3/2019,DF0840,0,0,0,Removed,
1,Triturus ,marmoratus,Inner perimeter,41.665035,2.530639,3,5,2019,5/3/2019,DF0841,472,0,0,Removed,
1,Triturus ,marmoratus,Inner perimeter,41.665035,2.530639,3,5,2019,5/3/2019,DF0842,5520,0,0,Removed,
1,Triturus ,marmoratus,Inner perimeter,41.665035,2.530639,3,5,2019,5/3/2019,DF0843,1126,0,0,Removed,
1,Triturus ,marmoratus,Inner perimeter,41.665035,2.530639,3,5,2019,5/3/2019,DF0844,43,0,0,Removed,
1,Triturus ,marmoratus,Inner perimeter,41.665035,2.530639,3,5,2019,5/3/2019,DF0845,131,0,0,Removed,
1,Triturus ,marmoratus,Inner perimeter,41.665035,2.530639,3,5,2019,5/3/2019,DF0846,0,0,0,Removed,
1,Triturus ,marmoratus,Inner perimeter,41.665035,2.530639,3,5,2019,5/3/2019,DF0847,116,0,0,Removed,
1,Triturus ,marmoratus,Inner perimeter,41.665035,2.530639,3,5,2019,5/3/2019,DF0848,0,0,0,Removed,
1,Triturus ,marmoratus,Inner perimeter,41.665035,2.530639,3,5,2019,5/3/2019,DF0850,0,0,0,Removed,
1,Triturus ,marmoratus,Inner perimeter,41.665035,2.530639,3,5,2019,5/3/2019,DF0851,1076,0,0,Removed,
1,Triturus ,marmoratus,Inner perimeter,41.665035,2.530639,3,5,2019,5/3/2019,DF0852,256,0,0,Removed,
1,Triturus ,marmoratus,Inner perimeter,41.665035,2.530639,3,5,2019,5/3/2019,DF0853,21,0,0,Removed,
1,Triturus ,marmoratus,Inner perimeter,41.665035,2.530639,3,5,2019,5/3/2019,DF0854,0,0,0,Removed,
1,Triturus ,marmoratus,Inner perimeter,41.665035,2.530639,3,5,2019,5/3/2019,DF0855,0,0,0,Removed,
1,Triturus ,marmoratus,Inner perimeter,41.665035,2.530639,3,5,2019,5/3/2019,DF0856,4240,0,0,Removed,
1,Triturus ,marmoratus,Inner perimeter,41.665035,2.530639,3,5,2019,5/3/2019,DF0857,0,0,0,Removed,
1,Triturus ,marmoratus,Inner perimeter,41.665035,2.530639,3,5,2019,5/3/2019,DF0858,52400,0,0,Removed,
1,Triturus ,marmoratus,Inner perimeter,41.665035,2.530639,3,5,2019,5/3/2019,DF0859,36,0,0,Removed,
1,Triturus ,marmoratus,Inner perimeter,41.665035,2.530639,3,5,2019,5/3/2019,DF0860,890,0,0,Removed,
1,Triturus ,marmoratus,Inner perimeter,41.665035,2.530639,3,5,2019,5/3/2019,DF0861,0,0,0,Removed,
1,Triturus ,marmoratus,Inner perimeter,41.665035,2.530639,3,5,2019,5/3/2019,DF0862,20400,0,0,Removed,
1,Triturus ,marmoratus,Inner perimeter,41.665035,2.530639,3,5,2019,5/3/2019,DF0863,44,0,0,Removed,
1,Triturus ,marmoratus,Inner perimeter,41.665035,2.530639,3,5,2019,5/3/2019,DF0864,0,0,0,Removed,
1,Triturus ,marmoratus,Inner perimeter,41.665035,2.530639,3,5,2019,5/3/2019,DF0865,155,0,0,Removed,
1,Triturus ,marmoratus,Inner perimeter,41.665035,2.530639,3,5,2019,5/3/2019,DF0866,0,0,0,Removed,
1,Triturus ,marmoratus,Inner perimeter,41.665035,2.530639,3,5,2019,5/3/2019,DF0867,0,0,0,Removed,
1,Triturus ,marmoratus,Inner perimeter,41.665035,2.530639,3,5,2019,5/3/2019,DF0868,0,0,0,Removed,
1,Triturus ,marmoratus,Inner perimeter,41.665035,2.530639,3,5,2019,5/3/2019,DF0869,826,0,0,Removed,
1,Triturus ,marmoratus,Inner perimeter,41.665035,2.530639,3,5,2019,5/3/2019,DF0870,0,0,0,Removed,
1,Triturus ,marmoratus,Inner perimeter,41.665035,2.530639,15,5,2019,5/15/2019,DF0871,NA,NA,NA,Removed,
1,Triturus ,marmoratus,Inner perimeter,41.665035,2.530639,15,5,2019,5/15/2019,DF0872,NA,NA,NA,Removed,
1,Alytes,obstetricans ,Inner perimeter,41.665035,2.530639,19,5,2019,5/19/2019,DF0875,NA,NA,NA,Removed,
1,Pelophylax,perezi,Inner perimeter,41.665035,2.530639,19,5,2019,5/19/2019,DF0885,NA,NA,NA,Removed,
1,Pelophylax,perezi,Inner perimeter,41.665035,2.530639,19,5,2019,5/19/2019,DF0886,NA,NA,NA,Removed,
1,Pelophylax,perezi,Inner perimeter,41.665035,2.530639,19,5,2019,5/19/2019,DF0887,NA,NA,NA,Removed,
1,Triturus ,marmoratus,Inner perimeter,41.665035,2.530639,19,5,2019,5/19/2019,DF0873,NA,NA,NA,Removed,
1,Triturus ,marmoratus,Inner perimeter,41.665035,2.530639,19,5,2019,5/19/2019,DF0874,NA,NA,NA,Removed,
1,Alytes,obstetricans ,Inner perimeter,41.665035,2.530639,24,5,2019,5/24/2019,DF0876,NA,NA,NA,Removed,
1,Alytes,obstetricans ,Inner perimeter,41.665035,2.530639,24,5,2019,5/24/2019,DF0877,NA,NA,NA,Removed,
1,Alytes,obstetricans ,Inner perimeter,41.665035,2.530639,24,5,2019,5/24/2019,DF0878,NA,NA,NA,Removed,
1,Alytes,obstetricans ,Inner perimeter,41.665035,2.530639,24,5,2019,5/24/2019,DF0879,NA,NA,NA,Removed,
1,Pelobates,cultripes,Inner perimeter,41.665035,2.530639,24,5,2019,5/24/2019,DF0884,NA,NA,NA,Removed,
1,Triturus ,marmoratus,Inner perimeter,41.665035,2.530639,24,5,2019,5/24/2019,DF0880,NA,NA,NA,Removed,
1,Triturus ,marmoratus,Inner perimeter,41.665035,2.530639,24,5,2019,5/24/2019,DF0881,NA,NA,NA,Removed,
1,Triturus ,marmoratus,Inner perimeter,41.665035,2.530639,24,5,2019,5/24/2019,DF0882,NA,NA,NA,Removed,
1,Triturus ,marmoratus,Inner perimeter,41.665035,2.530639,24,5,2019,5/24/2019,DF0883,NA,NA,NA,Removed,
1,Triturus ,marmoratus,Inner perimeter,41.665035,2.530639,26,5,2019,5/26/2019,DF0888,NA,NA,NA,Removed,
1,Ichthyosaura ,alpestris,FORTH SANITARY CONTROL,,,29,5,2019,5/29/2019,DF0893,NA,NA,NA,Removed,
1,Ichthyosaura ,alpestris,FORTH SANITARY CONTROL,,,29,5,2019,5/29/2019,DF0894,NA,NA,NA,Removed,
1,Ichthyosaura ,alpestris,FORTH SANITARY CONTROL,,,29,5,2019,5/29/2019,DF0895,NA,NA,NA,Removed,
1,Ichthyosaura ,alpestris,FORTH SANITARY CONTROL,,,29,5,2019,5/29/2019,DF0896,NA,NA,NA,Removed,
1,Ichthyosaura ,alpestris,FORTH SANITARY CONTROL,,,29,5,2019,5/29/2019,DF0897,NA,NA,NA,Removed,
1,Alytes,obstetricans ,Inner perimeter,41.665035,2.530639,29,5,2019,5/29/2019,DF0889,NA,NA,NA,Removed,
1,Pelophylax,perezi,Inner perimeter,41.665035,2.530639,29,5,2019,5/29/2019,DF0892,NA,NA,NA,Removed,
1,Triturus ,marmoratus,Inner perimeter,41.665035,2.530639,29,5,2019,5/29/2019,DF0890,NA,NA,NA,Removed,
1,Triturus ,marmoratus,Inner perimeter,41.665035,2.530639,29,5,2019,5/29/2019,DF0891,NA,NA,NA,Removed,
