materialSampleID,country,ADM0,ADM1,ADM2,N_start,E_start,N_end,E_end,date,year,month,day,genus,species,scientific,nativeStatus,susceptibility,basisOfRecord,sampleType,sampleRemarks,diseaseTested,testMethod,BdDetected,BsalDetected,BdLoad,BsalLoad,fatal,diagnosticLab,individualCount,specimenDisposition,lifeStage,sex,collectorList,Sample_bcid,expeditionCode,projectId,comments
,Vietnam,VNM,Hòa Bình ,,20 55 306,105 03 173,,,6/12/2016,2016,6,12,Tylototriton,anguliceps,Tylototriton anguliceps,,,,,pond 6 ,Bsal/Bd,qPCR,0,0,,,,,,,,M,,,,,
,Vietnam,VNM,Hòa Bình ,,20 55 306,105 03 173,,,6/12/2016,2016,6,12,Tylototriton,anguliceps,Tylototriton anguliceps,,,,,pond 6 ,Bsal/Bd,qPCR,0,0,,,,,,,,,,,,,
,Vietnam,VNM,Hòa Bình ,,20 55 306,105 03 173,,,6/12/2016,2016,6,12,Tylototriton,anguliceps,Tylototriton anguliceps,,,,,pond 6,Bsal/Bd,qPCR,0,0,,,,,,,,,,,,,
,Vietnam,VNM,Hòa Bình ,,20 55 306,105 03 173,,,6/12/2016,2016,6,12,Tylototriton,anguliceps,Tylototriton anguliceps,,,,,pond 6,Bsal/Bd,qPCR,0,0,,,,,,,,,,,,,
,Vietnam,VNM,Hòa Bình ,,20 55 306,105 03 173,,,6/12/2016,2016,6,12,Tylototriton,anguliceps,Tylototriton anguliceps,,,,,pond 6,Bsal/Bd,qPCR,0,0,,,,,,,,,,,,,
,Vietnam,VNM,Hòa Bình ,,20 55 306,105 03 173,,,6/12/2016,2016,6,12,Tylototriton,anguliceps,Tylototriton anguliceps,,,,,pond 6,Bsal/Bd,qPCR,0,0,,,,,,,,,,,,,
,Vietnam,VNM,Hòa Bình ,,20 55 306,105 03 173,,,6/12/2016,2016,6,12,Tylototriton,anguliceps,Tylototriton anguliceps,,,,,pond 6,Bsal/Bd,qPCR,0,0,,,,,,,,,,,,,"Very wide head,Hai took as sample"
,Vietnam,VNM,Hòa Bình ,,20 55 306,105 03 173,,,6/12/2016,2016,6,12,Tylototriton,anguliceps,Tylototriton anguliceps,,,,,pond 6,Bsal/Bd,qPCR,0,0,,,,,,,,,,,,,
,Vietnam,VNM,Hòa Bình ,,20 55 306,105 03 173,,,6/12/2016,2016,6,12,Tylototriton,anguliceps,Tylototriton anguliceps,,,,,pond 6,Bsal/Bd,qPCR,0,0,,,,,,,,,,,,,
,Vietnam,VNM,Hòa Bình ,,20 55 306,105 03 173,,,6/12/2016,2016,6,12,Tylototriton,anguliceps,Tylototriton anguliceps,,,,,pond 6,Bsal/Bd,qPCR,0,0,,,,,,,,,,,,,Regenerated tail
,Vietnam,VNM,Hòa Bình ,,20 55 354,105 03 021,,,6/12/2016,2016,6,12,Tylototriton,anguliceps,Tylototriton anguliceps,,,,,pond 7,Bsal/Bd,qPCR,0,1,,23,,,,,,M,,,,,Shedding
,Vietnam,VNM,Hòa Bình ,,20 55 354,105 03 021,,,6/12/2016,2016,6,12,Tylototriton,anguliceps,Tylototriton anguliceps,,,,,pond 7,Bsal/Bd,qPCR,0,0,,,,,,,,,,,,,
,Vietnam,VNM,Hòa Bình ,,20 55 354,105 03 021,,,6/12/2016,2016,6,12,Tylototriton,anguliceps,Tylototriton anguliceps,,,,,pond 7,Bsal/Bd,qPCR,0,0,,,,,,,,,,,,,
,Vietnam,VNM,Hòa Bình ,,20 55 354,105 03 021,,,6/12/2016,2016,6,12,Tylototriton,anguliceps,Tylototriton anguliceps,,,,,pond 7,Bsal/Bd,qPCR,0,0,,,,,,,,,,,,,
,Vietnam,VNM,Hòa Bình ,,20 55 354,105 03 021,,,6/12/2016,2016,6,12,Tylototriton,anguliceps,Tylototriton anguliceps,,,,,pond 7,Bsal/Bd,qPCR,0,0,,,,,,,,,,,,,
,Vietnam,VNM,Hòa Bình ,,20 55 354,105 03 021,,,6/12/2016,2016,6,12,Tylototriton,anguliceps,Tylototriton anguliceps,,,,,pond 7,Bsal/Bd,qPCR,0,0,,,,,,,,,,,,,
,Vietnam,VNM,Hòa Bình ,,20 56 110,105 02 362,,,6/11/2016,2016,6,11,Tylototriton,asperrimus,Tylototriton asperrimus ,,,,,pond 1,Bsal/Bd,qPCR,0,0,,,,,,,,M,,,,,Ranger took
,Vietnam,VNM,Hòa Bình ,,20 56 110,105 02 363,,,6/11/2016,2016,6,11,Tylototriton,asperrimus,Tylototriton asperrimus ,,,,,pond 1,Bsal/Bd,qPCR,0,0,,,,,,,,M,,,,,
,Vietnam,VNM,Hòa Bình ,,20 56 187,105 02 465,,,6/11/2016,2016,6,11,Tylototriton,asperrimus,Tylototriton asperrimus ,,,,,pond 2,Bsal/Bd,qPCR,0,0,,,,,,,,M,,,,,
,Vietnam,VNM,Hòa Bình ,,20 56 187,105 02 465,,,6/11/2016,2016,6,11,Tylototriton,asperrimus,Tylototriton asperrimus ,,,,,pond 2,Bsal/Bd,qPCR,0,0,,,,,,,,,,,,,
,Vietnam,VNM,Hòa Bình ,,20 56 187,105 02 465,,,6/11/2016,2016,6,11,Tylototriton,asperrimus,Tylototriton asperrimus ,,,,,pond 2,Bsal/Bd,qPCR,0,0,,,,,,,,,,,,,
,Vietnam,VNM,Hòa Bình ,,20 56 187,105 02 465,,,6/11/2016,2016,6,11,Tylototriton,asperrimus,Tylototriton asperrimus ,,,,,pond 2,Bsal/Bd,qPCR,0,0,,,,,,,,,,,,,
,Vietnam,VNM,Hòa Bình ,,20 56 187,105 02 465,,,6/11/2016,2016,6,11,Tylototriton,asperrimus,Tylototriton asperrimus ,,,,,pond 2,Bsal/Bd,qPCR,0,0,,,,,,,,,,,,,
,Vietnam,VNM,Hòa Bình ,,20 56 187,105 02 465,,,6/11/2016,2016,6,11,Tylototriton,asperrimus,Tylototriton asperrimus ,,,,,pond 2,Bsal/Bd,qPCR,0,0,,,,,,,,,,,,,
,Vietnam,VNM,Hòa Bình ,,20 56 187,105 02 465,,,6/11/2016,2016,6,11,Tylototriton,asperrimus,Tylototriton asperrimus ,,,,,pond 2,Bsal/Bd,qPCR,0,0,,,,,,,,,,,,,
,Vietnam,VNM,Hòa Bình ,,20 56 187,105 02 465,,,6/11/2016,2016,6,11,Tylototriton,asperrimus,Tylototriton asperrimus ,,,,,pond 2,Bsal/Bd,qPCR,0,0,,,,,,,,,,,,,
,Vietnam,VNM,Hòa Bình ,,20 56 187,105 02 465,,,6/11/2016,2016,6,11,Tylototriton,asperrimus,Tylototriton asperrimus ,,,,,pond 2,Bsal/Bd,qPCR,0,0,,,,,,,,,,,,,
,Vietnam,VNM,Hòa Bình ,,20 56 187,105 02 465,,,6/11/2016,2016,6,11,Tylototriton,asperrimus,Tylototriton asperrimus ,,,,,pond 2,Bsal/Bd,qPCR,0,0,,,,,,,,,,,,,
,Vietnam,VNM,Hòa Bình ,,20 56 187,105 02 465,,,6/11/2016,2016,6,11,Tylototriton,asperrimus,Tylototriton asperrimus ,,,,,pond 2,Bsal/Bd,qPCR,0,0,,,,,,,,,,,,,Shedding
,Vietnam,VNM,Hòa Bình ,,20 56 187,105 02 465,,,6/11/2016,2016,6,11,Tylototriton,asperrimus,Tylototriton asperrimus ,,,,,pond 2,Bsal/Bd,qPCR,0,0,,,,,,,,,,,,,Shedding
,Vietnam,VNM,Hòa Bình ,,20 56 187,105 02 465,,,6/11/2016,2016,6,11,Tylototriton,asperrimus,Tylototriton asperrimus ,,,,,pond 2,Bsal/Bd,qPCR,0,0,,,,,,,,,,,,,
,Vietnam,VNM,Hòa Bình ,,20 56 204,105 02 452,,,6/11/2016,2016,6,11,Tylototriton,asperrimus,Tylototriton asperrimus ,,,,,pond 3,Bsal/Bd,qPCR,0,0,,,,,,,,M,,,,,Patchy stomach
,Vietnam,VNM,Hòa Bình ,,20 56 204,105 02 452,,,6/11/2016,2016,6,11,Tylototriton,asperrimus,Tylototriton asperrimus ,,,,,pond 3,Bsal/Bd,qPCR,0,0,,,,,,,,,,,,,
,Vietnam,VNM,Hòa Bình ,,20 56 204,105 02 452,,,6/11/2016,2016,6,11,Tylototriton,asperrimus,Tylototriton asperrimus ,,,,,pond 3,Bsal/Bd,qPCR,0,0,,,,,,,,,,,,,
,Vietnam,VNM,Hòa Bình ,,20 56 204,105 02 452,,,6/11/2016,2016,6,11,Tylototriton,asperrimus,Tylototriton asperrimus ,,,,,pond 3,Bsal/Bd,qPCR,0,1,,21 8,,,,,,,,,,,
,Vietnam,VNM,Hòa Bình ,,20 56 204,105 02 452,,,6/11/2016,2016,6,11,Tylototriton,asperrimus,Tylototriton asperrimus ,,,,,pond 3,Bsal/Bd,qPCR,0,0,,,,,,,,,,,,,
,Vietnam,VNM,Hòa Bình ,,20 56 204,105 02 452,,,6/11/2016,2016,6,11,Tylototriton,asperrimus,Tylototriton asperrimus ,,,,,pond 3,Bsal/Bd,qPCR,0,0,,,,,,,,,,,,,
,Vietnam,VNM,Hòa Bình ,,20 56 204,105 02 452,,,6/11/2016,2016,6,11,Tylototriton,asperrimus,Tylototriton asperrimus ,,,,,pond 3,Bsal/Bd,qPCR,0,0,,,,,,,,,,,,,Patchy
,Vietnam,VNM,Hòa Bình ,,20 56 204,105 02 452,,,6/11/2016,2016,6,11,Tylototriton,asperrimus,Tylototriton asperrimus ,,,,,pond 3,Bsal/Bd,qPCR,0,0,,,,,,,,,,,,,Patchy
,Vietnam,VNM,Hòa Bình ,,20 56 204,105 02 452,,,6/11/2016,2016,6,11,Tylototriton,asperrimus,Tylototriton asperrimus ,,,,,pond 3,Bsal/Bd,qPCR,0,0,,,,,,,,,,,,,
,Vietnam,VNM,Hòa Bình ,,20 56 204,105 02 452,,,6/11/2016,2016,6,11,Tylototriton,asperrimus,Tylototriton asperrimus ,,,,,pond 3,Bsal/Bd,qPCR,0,0,,,,,,,,,,,,,Cloaca injury
,Vietnam,VNM,Hòa Bình ,,20 56 204,105 02 452,,,6/11/2016,2016,6,11,Tylototriton,asperrimus,Tylototriton asperrimus ,,,,,pond 3,Bsal/Bd,qPCR,0,0,,,,,,,,,,,,,
,Vietnam,VNM,Hòa Bình ,,20 56 204,105 02 452,,,6/11/2016,2016,6,11,Tylototriton,asperrimus,Tylototriton asperrimus ,,,,,pond 3,Bsal/Bd,qPCR,0,0,,,,,,,,,,,,,
,Vietnam,VNM,Hòa Bình ,,20 56 204,105 02 452,,,6/11/2016,2016,6,11,Tylototriton,asperrimus,Tylototriton asperrimus ,,,,,pond 3,Bsal/Bd,qPCR,0,0,,,,,,,,,,,,,
,Vietnam,VNM,Hòa Bình ,,20 56 211,105 02 456,,,6/11/2016,2016,6,11,Tylototriton,asperrimus,Tylototriton asperrimus ,,,,,pond 4,Bsal/Bd,qPCR,0,0,,,,,,,,m,,,,,
,Vietnam,VNM,Hòa Bình ,,20 56 211,105 02 457,,,6/11/2016,2016,6,11,Tylototriton,asperrimus,Tylototriton asperrimus ,,,,,very close to pond 4,Bsal/Bd,qPCR,0,1,,785 4,,,,,,m,,,,,
,Vietnam,VNM,Qu?ng Ninh,,21 09 489,107 02 335,,,5/5/2016,2016,5,5,Tylototriton,vietnamensis,Tylototriton vietnamensis,,,,,pond 2 ,Bsal/Bd,qPCR,0,0,,,,,,,,M ,,,,,
,Vietnam,VNM,Qu?ng Ninh,,21 09 489,107 02 335,,,5/5/2016,2016,5,5,Tylototriton,vietnamensis,Tylototriton vietnamensis,,,,,pond 2 ,Bsal/Bd,qPCR,0,0,,,,,,,,M ,,,,,
,Vietnam,VNM,Qu?ng Ninh,,21 09 489,107 02 335,,,5/5/2016,2016,5,5,Tylototriton,vietnamensis,Tylototriton vietnamensis,,,,,pond 2,Bsal/Bd,qPCR,0,0,,,,,,,,M ,,,,,
,Vietnam,VNM,Qu?ng Ninh,,21 09 489,107 02 335,,,5/5/2016,2016,5,5,Tylototriton,vietnamensis,Tylototriton vietnamensis,,,,,pond 2,Bsal/Bd,qPCR,0,0,,,,,,,,M ,,,,,
,Vietnam,VNM,Qu?ng Ninh,,21 09 489,107 02 335,,,5/5/2016,2016,5,5,Tylototriton,vietnamensis,Tylototriton vietnamensis,,,,,pond 2,Bsal/Bd,qPCR,0,0,,,,,,,,M ,,,,,
,Vietnam,VNM,Qu?ng Ninh,,21 09 489,107 02 335,,,5/5/2016,2016,5,5,Tylototriton,vietnamensis,Tylototriton vietnamensis,,,,,pond 2,Bsal/Bd,qPCR,0,0,,,,,,,,M ,,,,,
,Vietnam,VNM,Qu?ng Ninh,,21 09 489,107 02 335,,,5/5/2016,2016,5,5,Tylototriton,vietnamensis,Tylototriton vietnamensis,,,,,pond 2,Bsal/Bd,qPCR,0,0,,,,,,,,M ,,,,,
,Vietnam,VNM,Qu?ng Ninh,,21 09 489,107 02 335,,,5/5/2016,2016,5,5,Tylototriton,vietnamensis,Tylototriton vietnamensis,,,,,pond 2,Bsal/Bd,qPCR,0,0,,,,,,,,M ,,,,,
,Vietnam,VNM,Qu?ng Ninh,,21 09 489,107 02 335,,,5/5/2016,2016,5,5,Tylototriton,vietnamensis,Tylototriton vietnamensis,,,,,pond 2,Bsal/Bd,qPCR,0,0,,,,,,,,M ,,,,,
,Vietnam,VNM,Qu?ng Ninh,,21 09 489,107 02 335,,,5/5/2016,2016,5,5,Tylototriton,vietnamensis,Tylototriton vietnamensis,,,,,pond 2,Bsal/Bd,qPCR,0,0,,,,,,,,M ,,,,,
,Vietnam,VNM,Qu?ng Ninh,,21 10 174,107 02 416,,,5/5/2016,2016,5,5,Tylototriton,vietnamensis,Tylototriton vietnamensis,,,,,pond 1 ,Bsal/Bd,qPCR,0,0,,,,,,,,M ,,,,,
,Vietnam,VNM,B?c Giang,S?n ??ng,21 10 504,106 43 335,,,4/26/2016,2016,4,26,Tylototriton,vietnamensis,Tylototriton vietnamensis,,,,,pond 3,Bsal/Bd,qPCR,0,0,,,,,,,,M ,,,,,
,Vietnam,VNM,B?c Giang,S?n ??ng,21 10 504,106 43 335,,,4/26/2016,2016,4,26,Tylototriton,vietnamensis,Tylototriton vietnamensis,,,,,pond 3,Bsal/Bd,qPCR,0,0,,,,,,,,M ,,,,,
,Vietnam,VNM,B?c Giang,S?n ??ng,21 10 504,106 43 335,,,4/26/2016,2016,4,26,Tylototriton,vietnamensis,Tylototriton vietnamensis,,,,,pond 3,Bsal/Bd,qPCR,0,0,,,,,,,,M ,,,,,
,Vietnam,VNM,B?c Giang,S?n ??ng,21 10 504,106 43 335,,,4/26/2016,2016,4,26,Tylototriton,vietnamensis,Tylototriton vietnamensis,,,,,pond 3,Bsal/Bd,qPCR,0,0,,,,,,,,M ,,,,,
,Vietnam,VNM,B?c Giang,S?n ??ng,21 10 504,106 43 335,,,4/26/2016,2016,4,26,Tylototriton,vietnamensis,Tylototriton vietnamensis,,,,,pond 3,Bsal/Bd,qPCR,0,0,,,,,,,,M ,,,,,
,Vietnam,VNM,B?c Giang,S?n ??ng,21 10 504,106 43 335,,,4/26/2016,2016,4,26,Tylototriton,vietnamensis,Tylototriton vietnamensis,,,,,pond 3,Bsal/Bd,qPCR,0,0,,,,,,,,M ,,,,,
,Vietnam,VNM,B?c Giang,S?n ??ng,21 10 504,106 43 335,,,4/26/2016,2016,4,26,Tylototriton,vietnamensis,Tylototriton vietnamensis,,,,,pond 3,Bsal/Bd,qPCR,0,0,,,,,,,,M ,,,,,
,Vietnam,VNM,B?c Giang,S?n ??ng,21 10 504,106 43 335,,,4/26/2016,2016,4,26,Tylototriton,vietnamensis,Tylototriton vietnamensis,,,,,pond 3,Bsal/Bd,qPCR,0,0,,,,,,,,M ,,,,,
,Vietnam,VNM,B?c Giang,S?n ??ng,21 10 504,106 43 335,,,4/26/2016,2016,4,26,Tylototriton,vietnamensis,Tylototriton vietnamensis,,,,,pond 3,Bsal/Bd,qPCR,0,0,,,,,,,,M ,,,,,
,Vietnam,VNM,B?c Giang,S?n ??ng,21 10 504,106 43 335,,,4/26/2016,2016,4,26,Tylototriton,vietnamensis,Tylototriton vietnamensis,,,,,pond 3,Bsal/Bd,qPCR,0,0,,,,,,,,M ,,,,,
,Vietnam,VNM,B?c Giang,S?n ??ng,21 10 504,106 43 335,,,4/26/2016,2016,4,26,Tylototriton,vietnamensis,Tylototriton vietnamensis,,,,,pond 3,Bsal/Bd,qPCR,0,0,,,,,,,,M ,,,,,
,Vietnam,VNM,B?c Giang,S?n ??ng,21 10 504,106 43 335,,,4/26/2016,2016,4,26,Tylototriton,vietnamensis,Tylototriton vietnamensis,,,,,pond 3,Bsal/Bd,qPCR,0,0,,,,,,,,M ,,,,,
,Vietnam,VNM,B?c Giang,S?n ??ng,21 10 726,106 42 494,,,4/27/2016,2016,4,27,Tylototriton,vietnamensis,Tylototriton vietnamensis,,,,,pond 4,Bsal/Bd,qPCR,0,0,,,,,,,,M ,,,,,
,Vietnam,VNM,B?c Giang,S?n ??ng,21 10 726,106 42 494,,,4/27/2016,2016,4,27,Tylototriton,vietnamensis,Tylototriton vietnamensis,,,,,pond 4 ,Bsal/Bd,qPCR,0,0,,,,,,,,M ,,,,,
,Vietnam,VNM,B?c Giang,S?n ??ng,21 10 828,106 43 619,,,4/26/2016,2016,4,26,Tylototriton,vietnamensis,Tylototriton vietnamensis,,,,,pond 1,Bsal/Bd,qPCR,0,0,,,,,,,,M,,,,,
,Vietnam,VNM,B?c Giang,S?n ??ng,21 10 828,106 43 619,,,4/26/2016,2016,4,26,Tylototriton,vietnamensis,Tylototriton vietnamensis,,,,,pond 1,Bsal/Bd,qPCR,0,0,,,,,,,,M,,,,,
,Vietnam,VNM,B?c Giang,S?n ??ng,21 10 828,106 43 619,,,4/26/2016,2016,4,26,Tylototriton,vietnamensis,Tylototriton vietnamensis,,,,,pond 1,Bsal/Bd,qPCR,0,0,,,,,,,,M,,,,,Marked 972273000209685
,Vietnam,VNM,B?c Giang,S?n ??ng,21 10 828,106 43 619,,,4/26/2016,2016,4,26,Tylototriton,vietnamensis,Tylototriton vietnamensis,,,,,pond 1,Bsal/Bd,qPCR,0,0,,,,,,,,M,,,,,
,Vietnam,VNM,B?c Giang,S?n ??ng,21 10 828,106 43 619,,,4/26/2016,2016,4,26,Tylototriton,vietnamensis,Tylototriton vietnamensis,,,,,pond 1,Bsal/Bd,qPCR,0,1,, 8840GE,,,,,,M,,,,,
,Vietnam,VNM,B?c Giang,S?n ??ng,21 10 828,106 43 619,,,4/26/2016,2016,4,26,Tylototriton,vietnamensis,Tylototriton vietnamensis,,,,,pond 1,Bsal/Bd,qPCR,0,0,,,,,,,,M,,,,,
,Vietnam,VNM,B?c Giang,S?n ??ng,21 10 828,106 43 619,,,4/26/2016,2016,4,26,Tylototriton,vietnamensis,Tylototriton vietnamensis,,,,,pond 1,Bsal/Bd,qPCR,0,0,,,,,,,,M,,,,,
,Vietnam,VNM,B?c Giang,S?n ??ng,21 10 828,106 43 619,,,4/26/2016,2016,4,26,Tylototriton,vietnamensis,Tylototriton vietnamensis,,,,,pond 1,Bsal/Bd,qPCR,0,0,,,,,,,,M,,,,,
,Vietnam,VNM,B?c Giang,S?n ??ng,21 10 828,106 43 619,,,4/26/2016,2016,4,26,Tylototriton,vietnamensis,Tylototriton vietnamensis,,,,,pond 1,Bsal/Bd,qPCR,0,0,,,,,,,,M,,,,,
,Vietnam,VNM,B?c Giang,S?n ??ng,21 10 828,106 43 619,,,4/26/2016,2016,4,26,Tylototriton,vietnamensis,Tylototriton vietnamensis,,,,,pond 1,Bsal/Bd,qPCR,0,0,,,,,,,,M,,,,,
,Vietnam,VNM,B?c Giang,S?n ??ng,21 10 828,106 43 619,,,4/26/2016,2016,4,26,Tylototriton,vietnamensis,Tylototriton vietnamensis,,,,,pond 1,Bsal/Bd,qPCR,0,0,,,,,,,,M,,,,,
,Vietnam,VNM,B?c Giang,S?n ??ng,21 10 828,106 43 619,,,4/26/2016,2016,4,26,Tylototriton,vietnamensis,Tylototriton vietnamensis,,,,,pond 1,Bsal/Bd,qPCR,0,0,,,,,,,,M,,,,,Strange belly
,Vietnam,VNM,B?c Giang,S?n ??ng,21 10 828,106 43 619,,,4/26/2016,2016,4,26,Tylototriton,vietnamensis,Tylototriton vietnamensis,,,,,pond 1,Bsal/Bd,qPCR,0,0,,,,,,,,M,,,,,
,Vietnam,VNM,B?c Giang,S?n ??ng,21 10 828,106 43 619,,,4/26/2016,2016,4,26,Tylototriton,vietnamensis,Tylototriton vietnamensis,,,,,pond 1,Bsal/Bd,qPCR,0,0,,,,,,,,M,,,,,
,Vietnam,VNM,B?c Giang,S?n ??ng,21 10 828,106 43 619,,,4/26/2016,2016,4,26,Tylototriton,vietnamensis,Tylototriton vietnamensis,,,,,pond 1,Bsal/Bd,qPCR,0,0,,,,,,,,M,,,,,
,Vietnam,VNM,B?c Giang,S?n ??ng,21 10 831,106 43 727,,,4/26/2016,2016,4,26,Tylototriton,vietnamensis,Tylototriton vietnamensis,,,,,pond 3,Bsal/Bd,qPCR,0,0,,,,,,,,M ,,,,,Marked 972273000014896
,Vietnam,VNM,B?c Giang,S?n ??ng,21 10 831,106 43 727,,,4/26/2016,2016,4,26,Tylototriton,vietnamensis,Tylototriton vietnamensis,,,,,pond 3,Bsal/Bd,qPCR,0,0,,,,,,,,M ,,,,,
,Vietnam,VNM,B?c Giang,S?n ??ng,21 10 831,106 43 727,,,4/26/2016,2016,4,26,Tylototriton,vietnamensis,Tylototriton vietnamensis,,,,,pond 3,Bsal/Bd,qPCR,0,0,,,,,,,,M ,,,,,
,Vietnam,VNM,B?c Giang,S?n ??ng,21 10 831,106 43 727,,,4/26/2016,2016,4,26,Tylototriton,vietnamensis,Tylototriton vietnamensis,,,,,pond 3,Bsal/Bd,qPCR,0,0,,,,,,,,M ,,,,,
,Vietnam,VNM,B?c Giang,S?n ??ng,21 10 831,106 43 727,,,4/26/2016,2016,4,26,Tylototriton,vietnamensis,Tylototriton vietnamensis,,,,,pond 3,Bsal/Bd,qPCR,0,0,,,,,,,,M ,,,,,
,Vietnam,VNM,B?c Giang,S?n ??ng,21 10 831,106 43 727,,,4/26/2016,2016,4,26,Tylototriton,vietnamensis,Tylototriton vietnamensis,,,,,pond 3,Bsal/Bd,qPCR,0,1,,252GE,,,,,,M ,,,,,
,Vietnam,VNM,B?c Giang,S?n ??ng,21 10 831,106 43 727,,,4/26/2016,2016,4,26,Tylototriton,vietnamensis,Tylototriton vietnamensis,,,,,pond 3,Bsal/Bd,qPCR,0,0,,,,,,,,M ,,,,,Small eye
,Vietnam,VNM,B?c Giang,S?n ??ng,21 10 831,106 43 727,,,4/26/2016,2016,4,26,Tylototriton,vietnamensis,Tylototriton vietnamensis,,,,,pond 3,Bsal/Bd,qPCR,0,0,,,,,,,,M ,,,,,
,Vietnam,VNM,B?c Giang,S?n ??ng,21 10 831,106 43 727,,,4/26/2016,2016,4,26,Tylototriton,vietnamensis,Tylototriton vietnamensis,,,,,pond 3,Bsal/Bd,qPCR,0,0,,,,,,,,M ,,,,,
,Vietnam,VNM,B?c Giang,S?n ??ng,21 10 831,106 43 727,,,4/26/2016,2016,4,26,Tylototriton,vietnamensis,Tylototriton vietnamensis,,,,,pond 3,Bsal/Bd,qPCR,0,0,,,,,,,,M ,,,,,
,Vietnam,VNM,B?c Giang,S?n ??ng,21 10 831,106 43 727,,,4/26/2016,2016,4,26,Tylototriton,vietnamensis,Tylototriton vietnamensis,,,,,pond 3,Bsal/Bd,qPCR,0,0,,,,,,,,M ,,,,,
,Vietnam,VNM,B?c Giang,S?n ??ng,21 10 831,106 43 727,,,4/26/2016,2016,4,26,Tylototriton,vietnamensis,Tylototriton vietnamensis,,,,,pond 3,Bsal/Bd,qPCR,0,0,,,,,,,,M ,,,,,
,Vietnam,VNM,B?c Giang,S?n ??ng,21 10 871,106 41 569,,,4/27/2016,2016,4,27,Tylototriton,vietnamensis,Tylototriton vietnamensis,,,,,pond 5,Bsal/Bd,qPCR,0,0,,,,,,,,M ,,,,,
,Vietnam,VNM,B?c Giang,S?n ??ng,21 10 871,106 41 569,,,4/27/2016,2016,4,27,Tylototriton,vietnamensis,Tylototriton vietnamensis,,,,,pond 5,Bsal/Bd,qPCR,0,0,,,,,,,,M ,,,,,
,Vietnam,VNM,B?c Giang,S?n ??ng,21 10 871,106 41 569,,,4/27/2016,2016,4,27,Tylototriton,vietnamensis,Tylototriton vietnamensis,,,,,pond 5,Bsal/Bd,qPCR,0,0,,,,,,,,M ,,,,,
,Vietnam,VNM,B?c Giang,S?n ??ng,21 10 871,106 41 569,,,4/27/2016,2016,4,27,Tylototriton,vietnamensis,Tylototriton vietnamensis,,,,,pond 5,Bsal/Bd,qPCR,0,0,,,,,,,,M ,,,,,
,Vietnam,VNM,B?c Giang,S?n ??ng,21 10 871,106 41 569,,,4/27/2016,2016,4,27,Tylototriton,vietnamensis,Tylototriton vietnamensis,,,,,pond 5,Bsal/Bd,qPCR,0,0,,,,,,,,M ,,,,,
,Vietnam,VNM,B?c Giang,S?n ??ng,21 10 871,106 41 569,,,4/27/2016,2016,4,27,Tylototriton,vietnamensis,Tylototriton vietnamensis,,,,,pond 5,Bsal/Bd,qPCR,0,0,,,,,,,,M ,,,,,
,Vietnam,VNM,B?c Giang,S?n ??ng,21 10 871,106 41 569,,,4/27/2016,2016,4,27,Tylototriton,vietnamensis,Tylototriton vietnamensis,,,,,pond 5,Bsal/Bd,qPCR,0,0,,,,,,,,M ,,,,,
,Vietnam,VNM,B?c Giang,S?n ??ng,21 10 871,106 41 569,,,4/27/2016,2016,4,27,Tylototriton,vietnamensis,Tylototriton vietnamensis,,,,,pond 5,Bsal/Bd,qPCR,0,0,,,,,,,,M ,,,,,
,Vietnam,VNM,B?c Giang,S?n ??ng,21 10 871,106 41 569,,,4/27/2016,2016,4,27,Tylototriton,vietnamensis,Tylototriton vietnamensis,,,,,pond 5,Bsal/Bd,qPCR,0,0,,,,,,,,M ,,,,,
,Vietnam,VNM,B?c Giang,S?n ??ng,21 10 871,106 41 569,,,4/27/2016,2016,4,27,Tylototriton,vietnamensis,Tylototriton vietnamensis,,,,,pond 5,Bsal/Bd,qPCR,0,0,,,,,,,,M ,,,,,
,Vietnam,VNM,B?c Giang,S?n ??ng,21 10 871,106 41 569,,,4/27/2016,2016,4,27,Tylototriton,vietnamensis,Tylototriton vietnamensis,,,,,pond 5,Bsal/Bd,qPCR,0,0,,,,,,,,M ,,,,,
,Vietnam,VNM,B?c Giang,S?n ??ng,21 10 871,106 41 569,,,4/27/2016,2016,4,27,Tylototriton,vietnamensis,Tylototriton vietnamensis,,,,,pond 5,Bsal/Bd,qPCR,0,0,,,,,,,,M ,,,,,
,Vietnam,VNM,B?c Giang,S?n ??ng,21 10 871,106 41 569,,,4/27/2016,2016,4,27,Tylototriton,vietnamensis,Tylototriton vietnamensis,,,,,pond 5,Bsal/Bd,qPCR,0,0,,,,,,,,M ,,,,,
,Vietnam,VNM,B?c Giang,S?n ??ng,21 10 871,106 41 569,,,4/27/2016,2016,4,27,Tylototriton,vietnamensis,Tylototriton vietnamensis,,,,,pond 5,Bsal/Bd,qPCR,0,0,,,,,,,,M ,,,,,
,Vietnam,VNM,B?c Giang,S?n ??ng,21 10 871,106 41 569,,,4/27/2016,2016,4,27,Tylototriton,vietnamensis,Tylototriton vietnamensis,,,,,pond 5,Bsal/Bd,qPCR,0,0,,,,,,,,M ,,,,,
,Vietnam,VNM,B?c Giang,S?n ??ng,21 10 871,106 41 569,,,4/27/2016,2016,4,27,Tylototriton,vietnamensis,Tylototriton vietnamensis,,,,,pond 5,Bsal/Bd,qPCR,0,0,,,,,,,,M ,,,,,
,Vietnam,VNM,B?c Giang,S?n ??ng,21 10 871,106 41 569,,,4/27/2016,2016,4,27,Tylototriton,vietnamensis,Tylototriton vietnamensis,,,,,pond 5,Bsal/Bd,qPCR,0,0,,,,,,,,M ,,,,,
,Vietnam,VNM,B?c Giang,S?n ??ng,21 10 871,106 41 569,,,4/27/2016,2016,4,27,Tylototriton,vietnamensis,Tylototriton vietnamensis,,,,,pond 5,Bsal/Bd,qPCR,0,0,,,,,,,,M ,,,,,
,Vietnam,VNM,B?c Giang,S?n ??ng,21 10 871,106 41 569,,,4/27/2016,2016,4,27,Tylototriton,vietnamensis,Tylototriton vietnamensis,,,,,pond 5,Bsal/Bd,qPCR,0,0,,,,,,,,M ,,,,,
,Vietnam,VNM,B?c Giang,S?n ??ng,21 10 871,106 41 569,,,4/27/2016,2016,4,27,Tylototriton,vietnamensis,Tylototriton vietnamensis,,,,,pond 5,Bsal/Bd,qPCR,0,0,,,,,,,,M ,,,,,
,Vietnam,VNM,B?c Giang,S?n ??ng,21 10 871,106 41 569,,,4/27/2016,2016,4,27,Tylototriton,vietnamensis,Tylototriton vietnamensis,,,,,pond 5,Bsal/Bd,qPCR,0,0,,,,,,,,M ,,,,,
,Vietnam,VNM,B?c Giang,L?c Nam,21 11 664,106 39 067,,,5/1/2016,2016,5,1,Tylototriton,vietnamensis,Tylototriton vietnamensis,,,,,pond 11,Bsal/Bd,qPCR,0,0,,,,,,,,M ,,,,,
,Vietnam,VNM,B?c Giang,L?c Nam,21 11 664,106 39 067,,,5/1/2016,2016,5,1,Tylototriton,vietnamensis,Tylototriton vietnamensis,,,,,pond 11 ,Bsal/Bd,qPCR,0,0,,,,,,,,M ,,,,,
,Vietnam,VNM,B?c Giang,L?c Nam,21 11 664,106 39 067,,,5/1/2016,2016,5,1,Tylototriton,vietnamensis,Tylototriton vietnamensis,,,,,pond 11,Bsal/Bd,qPCR,0,0,,,,,,,,M ,,,,,
,Vietnam,VNM,B?c Giang,L?c Nam,21 11 664,106 39 067,,,5/1/2016,2016,5,1,Tylototriton,vietnamensis,Tylototriton vietnamensis,,,,,pond 11,Bsal/Bd,qPCR,0,0,,,,,,,,M ,,,,,
,Vietnam,VNM,B?c Giang,L?c Nam,21 11 664,106 39 067,,,5/1/2016,2016,5,1,Tylototriton,vietnamensis,Tylototriton vietnamensis,,,,,pond 11,Bsal/Bd,qPCR,0,0,,,,,,,,M ,,,,,
,Vietnam,VNM,B?c Giang,L?c Nam,21 11 664,106 39 067,,,5/1/2016,2016,5,1,Tylototriton,vietnamensis,Tylototriton vietnamensis,,,,,pond 11,Bsal/Bd,qPCR,0,0,,,,,,,,M ,,,,,
,Vietnam,VNM,B?c Giang,L?c Nam,21 11 664,106 39 067,,,5/1/2016,2016,5,1,Tylototriton,vietnamensis,Tylototriton vietnamensis,,,,,pond 11,Bsal/Bd,qPCR,0,0,,,,,,,,M ,,,,,
,Vietnam,VNM,B?c Giang,L?c Nam,21 11 664,106 39 067,,,5/1/2016,2016,5,1,Tylototriton,vietnamensis,Tylototriton vietnamensis,,,,,pond 11,Bsal/Bd,qPCR,0,0,,,,,,,,M ,,,,,
,Vietnam,VNM,B?c Giang,L?c Nam,21 11 664,106 39 067,,,5/1/2016,2016,5,1,Tylototriton,vietnamensis,Tylototriton vietnamensis,,,,,pond 11,Bsal/Bd,qPCR,0,0,,,,,,,,M ,,,,,
,Vietnam,VNM,B?c Giang,L?c Nam,21 11 664,106 39 067,,,5/1/2016,2016,5,1,Tylototriton,vietnamensis,Tylototriton vietnamensis,,,,,pond 11,Bsal/Bd,qPCR,0,0,,,,,,,,M ,,,,,Shedding
,Vietnam,VNM,B?c Giang,L?c Nam,21 11 664,106 39 067,,,5/1/2016,2016,5,1,Tylototriton,vietnamensis,Tylototriton vietnamensis,,,,,pond 11,Bsal/Bd,qPCR,0,0,,,,,,,,M ,,,,,
,Vietnam,VNM,B?c Giang,L?c Nam,21 11 664,106 39 067,,,5/1/2016,2016,5,1,Tylototriton,vietnamensis,Tylototriton vietnamensis,,,,,pond 11,Bsal/Bd,qPCR,0,0,,,,,,,,M ,,,,,
,Vietnam,VNM,B?c Giang,L?c Nam,21 11 664,106 39 067,,,5/1/2016,2016,5,1,Tylototriton,vietnamensis,Tylototriton vietnamensis,,,,,pond 11,Bsal/Bd,qPCR,0,0,,,,,,,,M ,,,,,
,Vietnam,VNM,B?c Giang,L?c Nam,21 11 664,106 39 067,,,5/1/2016,2016,5,1,Tylototriton,vietnamensis,Tylototriton vietnamensis,,,,,pond 11,Bsal/Bd,qPCR,0,0,,,,,,,,M ,,,,,
,Vietnam,VNM,B?c Giang,L?c Nam,21 11 664,106 39 067,,,5/1/2016,2016,5,1,Tylototriton,vietnamensis,Tylototriton vietnamensis,,,,,pond 11,Bsal/Bd,qPCR,0,0,,,,,,,,M ,,,,,
,Vietnam,VNM,B?c Giang,L?c Nam,21 11 664,106 39 067,,,5/1/2016,2016,5,1,Tylototriton,vietnamensis,Tylototriton vietnamensis,,,,,pond 11,Bsal/Bd,qPCR,0,0,,,,,,,,M ,,,,,
,Vietnam,VNM,B?c Giang,L?c Nam,21 11 664,106 39 067,,,5/1/2016,2016,5,1,Tylototriton,vietnamensis,Tylototriton vietnamensis,,,,,pond 11,Bsal/Bd,qPCR,0,0,,,,,,,,M ,,,,,
,Vietnam,VNM,B?c Giang,L?c Nam,21 11 664,106 39 067,,,5/1/2016,2016,5,1,Tylototriton,vietnamensis,Tylototriton vietnamensis,,,,,pond 11,Bsal/Bd,qPCR,0,0,,,,,,,,M ,,,,, 
,Vietnam,VNM,B?c Giang,L?c Nam,21 11 664,106 39 067,,,5/1/2016,2016,5,1,Tylototriton,vietnamensis,Tylototriton vietnamensis,,,,,pond 11,Bsal/Bd,qPCR,0,0,,,,,,,,M ,,,,,
,Vietnam,VNM,B?c Giang,L?c Nam,21 11 664,106 39 067,,,5/1/2016,2016,5,1,Tylototriton,vietnamensis,Tylototriton vietnamensis,,,,,pond 11,Bsal/Bd,qPCR,0,0,,,,,,,,M ,,,,,
,Vietnam,VNM,B?c Giang,L?c Nam,21 11 664,106 39 067,,,5/1/2016,2016,5,1,Tylototriton,vietnamensis,Tylototriton vietnamensis,,,,,pond 11,Bsal/Bd,qPCR,0,0,,,,,,,juvenile,M ,,,,,juvenile still had small external gills
,Vietnam,VNM,B?c Giang,L?c Nam,21 11 664,106 39 067,,,5/1/2016,2016,5,1,Tylototriton,vietnamensis,Tylototriton vietnamensis,,,,,pond 11,Bsal/Bd,qPCR,0,0,,,,,,,,M ,,,,,
,Vietnam,VNM,B?c Giang,L?c Nam,21 11 664,106 39 067,,,5/1/2016,2016,5,1,Tylototriton,vietnamensis,Tylototriton vietnamensis,,,,,pond 11,Bsal/Bd,qPCR,0,0,,,,,,,,M ,,,,,
,Vietnam,VNM,B?c Giang,L?c Nam,21 11 664,106 39 067,,,5/1/2016,2016,5,1,Tylototriton,vietnamensis,Tylototriton vietnamensis,,,,,pond 11,Bsal/Bd,qPCR,0,0,,,,,,,,M ,,,,,
,Vietnam,VNM,B?c Giang,L?c Nam,21 11 664,106 39 067,,,5/1/2016,2016,5,1,Tylototriton,vietnamensis,Tylototriton vietnamensis,,,,,pond 11,Bsal/Bd,qPCR,0,0,,,,,,,,M ,,,,,
,Vietnam,VNM,B?c Giang,L?c Nam,21 11 664,106 39 067,,,5/1/2016,2016,5,1,Tylototriton,vietnamensis,Tylototriton vietnamensis,,,,,pond 11,Bsal/Bd,qPCR,0,0,,,,,,,,M ,,,,,
,Vietnam,VNM,B?c Giang,L?c Nam,21 11 664,106 39 067,,,5/1/2016,2016,5,1,Tylototriton,vietnamensis,Tylototriton vietnamensis,,,,,pond 11,Bsal/Bd,qPCR,0,0,,,,,,,,M ,,,,,
,Vietnam,VNM,B?c Giang,L?c Nam,21 11 664,106 39 067,,,5/1/2016,2016,5,1,Tylototriton,vietnamensis,Tylototriton vietnamensis,,,,,pond 11,Bsal/Bd,qPCR,0,0,,,,,,,,M ,,,,,
,Vietnam,VNM,B?c Giang,L?c Nam,21 11 664,106 39 067,,,5/1/2016,2016,5,1,Tylototriton,vietnamensis,Tylototriton vietnamensis,,,,,pond 11,Bsal/Bd,qPCR,0,0,,,,,,,,M ,,,,,Shedding
,Vietnam,VNM,B?c Giang,L?c Nam,21 11 664,106 39 067,,,5/1/2016,2016,5,1,Tylototriton,vietnamensis,Tylototriton vietnamensis,,,,,pond 11,Bsal/Bd,qPCR,0,0,,,,,,,,M ,,,,,
,Vietnam,VNM,B?c Giang,L?c Nam,21 11 664,106 39 067,,,5/1/2016,2016,5,1,Tylototriton,vietnamensis,Tylototriton vietnamensis,,,,,pond 11,Bsal/Bd,qPCR,0,0,,,,,,,,M ,,,,,
,Vietnam,VNM,B?c Giang,L?c Nam,21 11 664,106 39 067,,,5/1/2016,2016,5,1,Tylototriton,vietnamensis,Tylototriton vietnamensis,,,,,pond 11,Bsal/Bd,qPCR,0,0,,,,,,,,M ,,,,,
,Vietnam,VNM,B?c Giang,L?c Nam,21 11 664,106 39 067,,,5/1/2016,2016,5,1,Tylototriton,vietnamensis,Tylototriton vietnamensis,,,,,pond 11,Bsal/Bd,qPCR,0,0,,,,,,,,M ,,,,,
,Vietnam,VNM,B?c Giang,L?c Nam,21 11 664,106 39 067,,,5/1/2016,2016,5,1,Tylototriton,vietnamensis,Tylototriton vietnamensis,,,,,pond 11,Bsal/Bd,qPCR,0,0,,,,,,,,M ,,,,,
,Vietnam,VNM,B?c Giang,L?c Nam,21 11 862,106 39 491,,,5/1/2016,2016,5,1,Tylototriton,vietnamensis,Tylototriton vietnamensis,,,,,pond 10,Bsal/Bd,qPCR,0,0,,,,,,,,M ,,,,,
,Vietnam,VNM,B?c Giang,L?c Nam,21 11 862,106 39 491,,,5/1/2016,2016,5,1,Tylototriton,vietnamensis,Tylototriton vietnamensis,,,,,pond 10 ,Bsal/Bd,qPCR,0,0,,,,,,,,M ,,,,,
,Vietnam,VNM,B?c Giang,L?c Nam,21 11 862,106 39 491,,,5/1/2016,2016,5,1,Tylototriton,vietnamensis,Tylototriton vietnamensis,,,,,pond 10,Bsal/Bd,qPCR,0,0,,,,,,,juvenile,M ,,,,,juvenile
,Vietnam,VNM,B?c Giang,L?c Nam,21 11 862,106 39 491,,,5/1/2016,2016,5,1,Tylototriton,vietnamensis,Tylototriton vietnamensis,,,,,pond 10,Bsal/Bd,qPCR,0,0,,,,,,,,M ,,,,,
,Vietnam,VNM,B?c Giang,L?c Nam,21 11 862,106 39 491,,,5/1/2016,2016,5,1,Tylototriton,vietnamensis,Tylototriton vietnamensis,,,,,pond 10,Bsal/Bd,qPCR,0,0,,,,,,,,M ,,,,,Weird mark on neck
,Vietnam,VNM,B?c Giang,L?c Nam,21 11 862,106 39 491,,,5/1/2016,2016,5,1,Tylototriton,vietnamensis,Tylototriton vietnamensis,,,,,pond 10,Bsal/Bd,qPCR,0,0,,,,,,,,M ,,,,,Small eye
,Vietnam,VNM,B?c Giang,L?c Nam,21 11 862,106 39 491,,,5/1/2016,2016,5,1,Tylototriton,vietnamensis,Tylototriton vietnamensis,,,,,pond 10,Bsal/Bd,qPCR,0,0,,,,,,,,M ,,,,,
,Vietnam,VNM,B?c Giang,L?c Nam,21 11 862,106 39 491,,,5/1/2016,2016,5,1,Tylototriton,vietnamensis,Tylototriton vietnamensis,,,,,pond 10,Bsal/Bd,qPCR,0,0,,,,,,,,M ,,,,,
,Vietnam,VNM,B?c Giang,L?c Nam,21 11 862,106 39 491,,,5/1/2016,2016,5,1,Tylototriton,vietnamensis,Tylototriton vietnamensis,,,,,pond 10,Bsal/Bd,qPCR,0,0,,,,,,,,M ,,,,,
,Vietnam,VNM,B?c Giang,L?c Nam,21 11 862,106 39 491,,,5/1/2016,2016,5,1,Tylototriton,vietnamensis,Tylototriton vietnamensis,,,,,pond 10,Bsal/Bd,qPCR,0,0,,,,,,,,M ,,,,,
,Vietnam,VNM,B?c Giang,L?c Nam,21 11 862,106 39 491,,,5/1/2016,2016,5,1,Tylototriton,vietnamensis,Tylototriton vietnamensis,,,,,pond 10,Bsal/Bd,qPCR,0,0,,,,,,,,M ,,,,,
,Vietnam,VNM,B?c Giang,L?c Nam,21 11 862,106 39 491,,,5/1/2016,2016,5,1,Tylototriton,vietnamensis,Tylototriton vietnamensis,,,,,pond 10,Bsal/Bd,qPCR,0,0,,,,,,,,M ,,,,,
,Vietnam,VNM,B?c Giang,L?c Nam,21 11 862,106 39 491,,,5/1/2016,2016,5,1,Tylototriton,vietnamensis,Tylototriton vietnamensis,,,,,pond 10,Bsal/Bd,qPCR,0,0,,,,,,,,M ,,,,,
,Vietnam,VNM,B?c Giang,L?c Nam,21 11 862,106 39 491,,,5/1/2016,2016,5,1,Tylototriton,vietnamensis,Tylototriton vietnamensis,,,,,pond 10,Bsal/Bd,qPCR,0,0,,,,,,,,M ,,,,,
,Vietnam,VNM,B?c Giang,L?c Nam,21 11 862,106 39 491,,,5/1/2016,2016,5,1,Tylototriton,vietnamensis,Tylototriton vietnamensis,,,,,pond 10,Bsal/Bd,qPCR,0,0,,,,,,,,M ,,,,,
,Vietnam,VNM,B?c Giang,L?c Nam,21 11 862,106 39 491,,,5/1/2016,2016,5,1,Tylototriton,vietnamensis,Tylototriton vietnamensis,,,,,pond 10,Bsal/Bd,qPCR,0,0,,,,,,,,M ,,,,,
,Vietnam,VNM,B?c Giang,L?c Nam,21 11 862,106 39 491,,,5/1/2016,2016,5,1,Tylototriton,vietnamensis,Tylototriton vietnamensis,,,,,pond 10,Bsal/Bd,qPCR,0,0,,,,,,,,M ,,,,,
,Vietnam,VNM,B?c Giang,L?c Nam,21 11 862,106 39 491,,,5/1/2016,2016,5,1,Tylototriton,vietnamensis,Tylototriton vietnamensis,,,,,pond 10,Bsal/Bd,qPCR,0,0,,,,,,,,M ,,,,,
,Vietnam,VNM,B?c Giang,L?c Nam,21 11 862,106 39 491,,,5/1/2016,2016,5,1,Tylototriton,vietnamensis,Tylototriton vietnamensis,,,,,pond 10,Bsal/Bd,qPCR,0,0,,,,,,,,M ,,,,,
,Vietnam,VNM,B?c Giang,L?c Nam,21 11 862,106 39 491,,,5/1/2016,2016,5,1,Tylototriton,vietnamensis,Tylototriton vietnamensis,,,,,pond 10,Bsal/Bd,qPCR,0,0,,,,,,,,M ,,,,,
,Vietnam,VNM,B?c Giang,L?c Nam,21 11 862,106 39 491,,,5/1/2016,2016,5,1,Tylototriton,vietnamensis,Tylototriton vietnamensis,,,,,pond 10,Bsal/Bd,qPCR,0,0,,,,,,,,M ,,,,,
,Vietnam,VNM,B?c Giang,L?c Nam,21 11 862,106 39 491,,,5/1/2016,2016,5,1,Tylototriton,vietnamensis,Tylototriton vietnamensis,,,,,pond 10,Bsal/Bd,qPCR,0,0,,,,,,,,M ,,,,,
,Vietnam,VNM,B?c Giang,L?c Nam,21 11 862,106 39 491,,,5/1/2016,2016,5,1,Tylototriton,vietnamensis,Tylototriton vietnamensis,,,,,pond 10,Bsal/Bd,qPCR,0,0,,,,,,,,M ,,,,,
,Vietnam,VNM,B?c Giang,L?c Nam,21 11 862,106 39 491,,,5/1/2016,2016,5,1,Tylototriton,vietnamensis,Tylototriton vietnamensis,,,,,pond 10,Bsal/Bd,qPCR,0,0,,,,,,,,M ,,,,,
,Vietnam,VNM,B?c Giang,L?c Nam,21 11 862,106 39 491,,,5/1/2016,2016,5,1,Tylototriton,vietnamensis,Tylototriton vietnamensis,,,,,pond 10,Bsal/Bd,qPCR,0,0,,,,,,,,M ,,,,,
,Vietnam,VNM,B?c Giang,L?c Nam,21 11 862,106 39 491,,,5/1/2016,2016,5,1,Tylototriton,vietnamensis,Tylototriton vietnamensis,,,,,pond 10,Bsal/Bd,qPCR,0,0,,,,,,,,M ,,,,,
,Vietnam,VNM,B?c Giang,L?c Nam,21 11 862,106 39 491,,,5/1/2016,2016,5,1,Tylototriton,vietnamensis,Tylototriton vietnamensis,,,,,pond 10,Bsal/Bd,qPCR,0,0,,,,,,,,M ,,,,,
,Vietnam,VNM,B?c Giang,L?c Nam,21 11 862,106 39 491,,,5/1/2016,2016,5,1,Tylototriton,vietnamensis,Tylototriton vietnamensis,,,,,pond 10,Bsal/Bd,qPCR,0,0,,,,,,,,M ,,,,,
,Vietnam,VNM,B?c Giang,L?c Nam,21 11 862,106 39 491,,,5/1/2016,2016,5,1,Tylototriton,vietnamensis,Tylototriton vietnamensis,,,,,pond 10,Bsal/Bd,qPCR,0,0,,,,,,,,M ,,,,,
,Vietnam,VNM,B?c Giang,L?c Nam,21 11 862,106 39 491,,,5/1/2016,2016,5,1,Tylototriton,vietnamensis,Tylototriton vietnamensis,,,,,pond 10,Bsal/Bd,qPCR,0,0,,,,,,,,M ,,,,,
,Vietnam,VNM,B?c Giang,L?c Nam,21 11 862,106 39 491,,,5/1/2016,2016,5,1,Tylototriton,vietnamensis,Tylototriton vietnamensis,,,,,pond 10,Bsal/Bd,qPCR,0,0,,,,,,,,M ,,,,,
,Vietnam,VNM,B?c Giang,L?c Nam,21 11 862,106 39 491,,,5/1/2016,2016,5,1,Tylototriton,vietnamensis,Tylototriton vietnamensis,,,,,pond 10,Bsal/Bd,qPCR,0,0,,,,,,,,M ,,,,,
,Vietnam,VNM,B?c Giang,L?c Nam,21 11 862,106 39 491,,,5/1/2016,2016,5,1,Tylototriton,vietnamensis,Tylototriton vietnamensis,,,,,pond 10,Bsal/Bd,qPCR,0,0,,,,,,,,M ,,,,,
,Vietnam,VNM,B?c Giang,L?c Nam,21 11 862,106 39 491,,,5/1/2016,2016,5,1,Tylototriton,vietnamensis,Tylototriton vietnamensis,,,,,pond 10,Bsal/Bd,qPCR,0,0,,,,,,,,M ,,,,,
,Vietnam,VNM,B?c Giang,L?c Nam,21 11 862,106 39 491,,,5/1/2016,2016,5,1,Tylototriton,vietnamensis,Tylototriton vietnamensis,,,,,pond 10,Bsal/Bd,qPCR,0,0,,,,,,,,M ,,,,,
,Vietnam,VNM,B?c Giang,L?c Nam,21 11 862,106 39 491,,,5/1/2016,2016,5,1,Tylototriton,vietnamensis,Tylototriton vietnamensis,,,,,pond 10,Bsal/Bd,qPCR,0,1,,200GE,,,,,,M ,,,,,
,Vietnam,VNM,B?c Giang,L?c Nam,21 11 862,106 39 491,,,5/1/2016,2016,5,1,Tylototriton,vietnamensis,Tylototriton vietnamensis,,,,,pond 10,Bsal/Bd,qPCR,0,0,,,,,,,,M ,,,,,
,Vietnam,VNM,B?c Giang,L?c Nam,21 11 862,106 39 491,,,5/1/2016,2016,5,1,Tylototriton,vietnamensis,Tylototriton vietnamensis,,,,,pond 10,Bsal/Bd,qPCR,0,0,,,,,,,,M ,,,,,
,Vietnam,VNM,B?c Giang,L?c Nam,21 11 862,106 39 491,,,5/1/2016,2016,5,1,Tylototriton,vietnamensis,Tylototriton vietnamensis,,,,,pond 10,Bsal/Bd,qPCR,0,0,,,,,,,,M ,,,,,
,Vietnam,VNM,B?c Giang,L?c Nam,21 11 862,106 39 491,,,5/1/2016,2016,5,1,Tylototriton,vietnamensis,Tylototriton vietnamensis,,,,,pond 10,Bsal/Bd,qPCR,0,0,,,,,,,,M ,,,,,
,Vietnam,VNM,B?c Giang,L?c Nam,21 11 862,106 39 491,,,5/1/2016,2016,5,1,Tylototriton,vietnamensis,Tylototriton vietnamensis,,,,,pond 10,Bsal/Bd,qPCR,0,0,,,,,,,,M ,,,,,
,Vietnam,VNM,B?c Giang,L?c Nam,21 11 862,106 39 491,,,5/1/2016,2016,5,1,Tylototriton,vietnamensis,Tylototriton vietnamensis,,,,,pond 10,Bsal/Bd,qPCR,0,0,,,,,,,,M ,,,,,
,Vietnam,VNM,B?c Giang,L?c Nam,21 11 862,106 39 491,,,5/1/2016,2016,5,1,Tylototriton,vietnamensis,Tylototriton vietnamensis,,,,,pond 10,Bsal/Bd,qPCR,0,0,,,,,,,,M ,,,,,
,Vietnam,VNM,B?c Giang,L?c Nam,21 11 862,106 39 491,,,5/1/2016,2016,5,1,Tylototriton,vietnamensis,Tylototriton vietnamensis,,,,,pond 10,Bsal/Bd,qPCR,0,0,,,,,,,,M ,,,,,
,Vietnam,VNM,B?c Giang,S?n ??ng,21 12 605,106 41 576,,,4/28/2016,2016,4,28,Tylototriton,vietnamensis,Tylototriton vietnamensis,,,,,pond 7 ,Bsal/Bd,qPCR,0,0,,,,,,,,M ,,,,,2 clutches of eggs found (ground temp 23 2 and 22 9) very large pool 
,Vietnam,VNM,B?c Giang,S?n ??ng,21 12 605,106 41 576,,,4/28/2016,2016,4,28,Tylototriton,vietnamensis,Tylototriton vietnamensis,,,,,pond 7 ,Bsal/Bd,qPCR,0,0,,,,,,,,M ,,,,,
,Vietnam,VNM,B?c Giang,S?n ??ng,21 12 605,106 41 576,,,4/28/2016,2016,4,28,Tylototriton,vietnamensis,Tylototriton vietnamensis,,,,,pond 7,Bsal/Bd,qPCR,0,0,,,,,,,,M ,,,,,
,Vietnam,VNM,B?c Giang,S?n ??ng,21 12 605,106 41 576,,,4/28/2016,2016,4,28,Tylototriton,vietnamensis,Tylototriton vietnamensis,,,,,pond 7,Bsal/Bd,qPCR,0,0,,,,,,,,M ,,,,,
,Vietnam,VNM,B?c Giang,S?n ??ng,21 12 605,106 41 576,,,4/28/2016,2016,4,28,Tylototriton,vietnamensis,Tylototriton vietnamensis,,,,,pond 7,Bsal/Bd,qPCR,0,0,,,,,,,,M ,,,,,
,Vietnam,VNM,B?c Giang,S?n ??ng,21 12 605,106 41 576,,,4/28/2016,2016,4,28,Tylototriton,vietnamensis,Tylototriton vietnamensis,,,,,pond 7,Bsal/Bd,qPCR,0,0,,,,,,,,M ,,,,,
,Vietnam,VNM,B?c Giang,S?n ??ng,21 12 605,106 41 576,,,4/28/2016,2016,4,28,Tylototriton,vietnamensis,Tylototriton vietnamensis,,,,,pond 7,Bsal/Bd,qPCR,0,0,,,,,,,,M ,,,,,
,Vietnam,VNM,B?c Giang,S?n ??ng,21 12 605,106 41 565,,,4/28/2016,2016,4,28,Tylototriton,vietnamensis,Tylototriton vietnamensis,,,,,pond 8 ,Bsal/Bd,qPCR,0,0,,,,,,,,M ,,,,,
,Vietnam,VNM,B?c Giang,S?n ??ng,21 12 605,106 41 565,,,4/28/2016,2016,4,28,Tylototriton,vietnamensis,Tylototriton vietnamensis,,,,,pond 8 ,Bsal/Bd,qPCR,0,0,,,,,,,,M ,,,,,
,Vietnam,VNM,B?c Giang,S?n ??ng,21 13 620,106 41 604,,,4/28/2016,2016,4,28,Tylototriton,vietnamensis,Tylototriton vietnamensis,,,,,pond 6 ,Bsal/Bd,qPCR,0,0,,,,,,,,M ,,,,,
,Vietnam,VNM,B?c Giang,S?n ??ng,21 13 620,106 41 604,,,4/28/2016,2016,4,28,Tylototriton,vietnamensis,Tylototriton vietnamensis,,,,,pond 6 ,Bsal/Bd,qPCR,0,0,,,,,,,,M ,,,,,
,Vietnam,VNM,B?c Giang,S?n ??ng,21 13 620,106 41 604,,,4/28/2016,2016,4,28,Tylototriton,vietnamensis,Tylototriton vietnamensis,,,,,pond 6,Bsal/Bd,qPCR,0,0,,,,,,,,M ,,,,,
,Vietnam,VNM,B?c Giang,S?n ??ng,21 13 620,106 41 604,,,4/28/2016,2016,4,28,Tylototriton,vietnamensis,Tylototriton vietnamensis,,,,,pond 6,Bsal/Bd,qPCR,0,0,,,,,,,,M ,,,,,
,Vietnam,VNM,B?c Giang,S?n ??ng,21 13 620,106 41 604,,,4/28/2016,2016,4,28,Tylototriton,vietnamensis,Tylototriton vietnamensis,,,,,pond 6,Bsal/Bd,qPCR,0,0,,,,,,,,M ,,,,,
,Vietnam,VNM,B?c Giang,S?n ??ng,21 13 620,106 41 604,,,4/28/2016,2016,4,28,Tylototriton,vietnamensis,Tylototriton vietnamensis,,,,,pond 6,Bsal/Bd,qPCR,0,0,,,,,,,,M ,,,,,
,Vietnam,VNM,B?c Giang,S?n ??ng,21 13 620,106 41 604,,,4/28/2016,2016,4,28,Tylototriton,vietnamensis,Tylototriton vietnamensis,,,,,pond 6,Bsal/Bd,qPCR,0,0,,,,,,,,M ,,,,,
,Vietnam,VNM,B?c Giang,S?n ??ng,21 13 620,106 41 604,,,4/28/2016,2016,4,28,Tylototriton,vietnamensis,Tylototriton vietnamensis,,,,,pond 6,Bsal/Bd,qPCR,0,0,,,,,,,,M ,,,,,
,Vietnam,VNM,B?c Giang,S?n ??ng,21 13 620,106 41 604,,,4/28/2016,2016,4,28,Tylototriton,vietnamensis,Tylototriton vietnamensis,,,,,pond 6,Bsal/Bd,qPCR,0,0,,,,,,,,M ,,,,,
,Vietnam,VNM,B?c Giang,S?n ??ng,21 13 620,106 41 604,,,4/28/2016,2016,4,28,Tylototriton,vietnamensis,Tylototriton vietnamensis,,,,,pond 6,Bsal/Bd,qPCR,0,0,,,,,,,,M ,,,,,
,Vietnam,VNM,B?c Giang,S?n ??ng,21 13 620,106 41 604,,,4/28/2016,2016,4,28,Tylototriton,vietnamensis,Tylototriton vietnamensis,,,,,pond 6,Bsal/Bd,qPCR,0,0,,,,,,,,M ,,,,,
,Vietnam,VNM,B?c Giang,S?n ??ng,21 13 620,106 41 604,,,4/28/2016,2016,4,28,Tylototriton,vietnamensis,Tylototriton vietnamensis,,,,,pond 6,Bsal/Bd,qPCR,0,0,,,,,,,,M ,,,,,
,Vietnam,VNM,B?c Giang,S?n ??ng,21 13 620,106 41 604,,,4/28/2016,2016,4,28,Tylototriton,vietnamensis,Tylototriton vietnamensis,,,,,pond 6,Bsal/Bd,qPCR,0,0,,,,,,,,M ,,,,,
,Vietnam,VNM,B?c Giang,S?n ??ng,21 13 620,106 41 604,,,4/28/2016,2016,4,28,Tylototriton,vietnamensis,Tylototriton vietnamensis,,,,,pond 6,Bsal/Bd,qPCR,0,0,,,,,,,,M ,,,,,
,Vietnam,VNM,B?c Giang,S?n ??ng,21 13 620,106 41 604,,,4/28/2016,2016,4,28,Tylototriton,vietnamensis,Tylototriton vietnamensis,,,,,pond 6,Bsal/Bd,qPCR,0,0,,,,,,,,M ,,,,,
,Vietnam,VNM,B?c Giang,S?n ??ng,21 13 620,106 41 604,,,4/28/2016,2016,4,28,Tylototriton,vietnamensis,Tylototriton vietnamensis,,,,,pond 6,Bsal/Bd,qPCR,0,0,,,,,,,,M ,,,,,
,Vietnam,VNM,B?c Giang,S?n ??ng,21 13 620,106 41 604,,,4/28/2016,2016,4,28,Tylototriton,vietnamensis,Tylototriton vietnamensis,,,,,pond 6,Bsal/Bd,qPCR,0,0,,,,,,,,M ,,,,,
,Vietnam,VNM,B?c Giang,S?n ??ng,21 13 620,106 41 604,,,4/28/2016,2016,4,28,Tylototriton,vietnamensis,Tylototriton vietnamensis,,,,,pond 6,Bsal/Bd,qPCR,0,0,,,,,,,,M ,,,,,
,Vietnam,VNM,B?c Giang,S?n ??ng,21 13 620,106 41 604,,,4/28/2016,2016,4,28,Tylototriton,vietnamensis,Tylototriton vietnamensis,,,,,pond 6,Bsal/Bd,qPCR,0,0,,,,,,,,M ,,,,,
,Vietnam,VNM,S?n La,,21 19 742,103 35 139,,,6/7/2016,2016,6,7,Tylototriton,anguliceps,Tylototriton anguliceps,,,,,,Bsal/Bd,qPCR,0,0,,,,,,,juvenile,,,,,,Juv
,Vietnam,VNM,S?n La,,21 19 742,103 35 139,,,6/7/2016,2016,6,7,Tylototriton,anguliceps,Tylototriton anguliceps,,,,,,Bsal/Bd,qPCR,0,0,,,,,,,,M,,,,,
,Vietnam,VNM,S?n La,,21 19 742,103 35 139,,,6/7/2016,2016,6,7,Tylototriton,anguliceps,Tylototriton anguliceps,,,,,,Bsal/Bd,qPCR,0,0,,,,,,,,M,,,,,
,Vietnam,VNM,S?n La,,21 19 742,103 35 139,,,6/7/2016,2016,6,7,Tylototriton,anguliceps,Tylototriton anguliceps,,,,,,Bsal/Bd,qPCR,0,0,,,,,,,,M,,,,,
,Vietnam,VNM,S?n La,,21 19 742,103 35 139,,,6/7/2016,2016,6,7,Tylototriton,anguliceps,Tylototriton anguliceps,,,,,,Bsal/Bd,qPCR,0,0,,,,,,,juvenile,,,,,,Juv
,Vietnam,VNM,S?n La,,21 19 742,103 35 139,,,6/7/2016,2016,6,7,Tylototriton,anguliceps,Tylototriton anguliceps,,,,,,Bsal/Bd,qPCR,0,0,,,,,,,juvenile,,,,,,Juv
,Vietnam,VNM,S?n La,,21 19 742,103 35 139,,,6/7/2016,2016,6,7,Tylototriton,anguliceps,Tylototriton anguliceps,,,,,,Bsal/Bd,qPCR,0,0,,,,,,,juvenile,,,,,,Juv
,Vietnam,VNM,S?n La,,21 19 742,103 35 139,,,6/7/2016,2016,6,7,Tylototriton,anguliceps,Tylototriton anguliceps,,,,,,Bsal/Bd,qPCR,0,0,,,,,,,juvenile,,,,,,Juv
,Vietnam,VNM,B?c Giang,S?n ??ng,21 22 812,106 42 505,,,4/30/2016,2016,4,30,Tylototriton,vietnamensis,Tylototriton vietnamensis,,,,,pond 9 ,Bsal/Bd,qPCR,0,0,,,,,,,,M ,,,,,
,Vietnam,VNM,B?c Giang,S?n ??ng,21 22 812,106 42 505,,,4/30/2016,2016,4,30,Tylototriton,vietnamensis,Tylototriton vietnamensis,,,,,pond 9 ,Bsal/Bd,qPCR,0,0,,,,,,,,M ,,,,,
,Vietnam,VNM,B?c Giang,S?n ??ng,21 22 812,106 42 505,,,4/30/2016,2016,4,30,Tylototriton,vietnamensis,Tylototriton vietnamensis,,,,,pond 9,Bsal/Bd,qPCR,0,0,,,,,,,,M ,,,,,
,Vietnam,VNM,B?c Giang,S?n ??ng,21 22 812,106 42 505,,,4/30/2016,2016,4,30,Tylototriton,vietnamensis,Tylototriton vietnamensis,,,,,pond 9,Bsal/Bd,qPCR,0,0,,,,,,,,M ,,,,,
,Vietnam,VNM,B?c Giang,S?n ??ng,21 22 812,106 42 505,,,4/30/2016,2016,4,30,Tylototriton,vietnamensis,Tylototriton vietnamensis,,,,,pond 9,Bsal/Bd,qPCR,0,0,,,,,,,,M ,,,,,
,Vietnam,VNM,B?c Giang,S?n ??ng,21 22 812,106 42 505,,,4/30/2016,2016,4,30,Tylototriton,vietnamensis,Tylototriton vietnamensis,,,,,pond 9,Bsal/Bd,qPCR,0,0,,,,,,,,M ,,,,,
,Vietnam,VNM,B?c Giang,S?n ??ng,21 22 812,106 42 505,,,4/30/2016,2016,4,30,Tylototriton,vietnamensis,Tylototriton vietnamensis,,,,,pond 9,Bsal/Bd,qPCR,0,0,,,,,,,,M ,,,,,
,Vietnam,VNM,B?c Giang,S?n ??ng,21 22 812,106 42 505,,,4/30/2016,2016,4,30,Tylototriton,vietnamensis,Tylototriton vietnamensis,,,,,pond 9,Bsal/Bd,qPCR,0,0,,,,,,,,M ,,,,,
,Vietnam,VNM,B?c Giang,S?n ??ng,21 22 812,106 42 505,,,4/30/2016,2016,4,30,Tylototriton,vietnamensis,Tylototriton vietnamensis,,,,,pond 9,Bsal/Bd,qPCR,0,0,,,,,,,,M ,,,,,
,Vietnam,VNM,B?c Giang,S?n ??ng,21 22 812,106 42 505,,,4/30/2016,2016,4,30,Tylototriton,vietnamensis,Tylototriton vietnamensis,,,,,pond 9,Bsal/Bd,qPCR,0,0,,,,,,,,M ,,,,,
,Vietnam,VNM,B?c Giang,S?n ??ng,21 22 812,106 42 505,,,4/30/2016,2016,4,30,Tylototriton,vietnamensis,Tylototriton vietnamensis,,,,,pond 9,Bsal/Bd,qPCR,0,0,,,,,,,,M ,,,,,
,Vietnam,VNM,B?c Giang,S?n ??ng,21 22 812,106 42 505,,,4/30/2016,2016,4,30,Tylototriton,vietnamensis,Tylototriton vietnamensis,,,,,pond 9,Bsal/Bd,qPCR,0,0,,,,,,,,M ,,,,,
,Vietnam,VNM,B?c Giang,S?n ??ng,21 22 812,106 42 505,,,4/30/2016,2016,4,30,Tylototriton,vietnamensis,Tylototriton vietnamensis,,,,,pond 9,Bsal/Bd,qPCR,0,0,,,,,,,,M ,,,,,
,Vietnam,VNM,B?c Giang,S?n ??ng,21 22 812,106 42 505,,,4/30/2016,2016,4,30,Tylototriton,vietnamensis,Tylototriton vietnamensis,,,,,pond 9,Bsal/Bd,qPCR,0,0,,,,,,,,M ,,,,,
,Vietnam,VNM,B?c Giang,S?n ??ng,21 22 812,106 42 505,,,4/30/2016,2016,4,30,Tylototriton,vietnamensis,Tylototriton vietnamensis,,,,,pond 9,Bsal/Bd,qPCR,0,0,,,,,,,,M ,,,,,
,Vietnam,VNM,B?c Giang,S?n ??ng,21 22 812,106 42 505,,,4/30/2016,2016,4,30,Tylototriton,vietnamensis,Tylototriton vietnamensis,,,,,pond 9,Bsal/Bd,qPCR,0,0,,,,,,,,M ,,,,,
,Vietnam,VNM,V?nh Phúc,Tam ??o,,,,,4/28/2016,2016,4,28,Paramesotriton,deloustali,Paramesotriton deloustali ,,,,,,Bsal/Bd,qPCR,0,0,,,,,,,,V,,,,,coordinates not provided
,Vietnam,VNM,V?nh Phúc,Tam ??o,,,,,4/28/2016,2016,4,28,Paramesotriton,deloustali,Paramesotriton deloustali ,,,,,,Bsal/Bd,qPCR,0,1,,240GE,,,,,,V,,,,,coordinates not provided
,Vietnam,VNM,V?nh Phúc,Tam ??o,,,,,4/28/2016,2016,4,28,Paramesotriton,deloustali,Paramesotriton deloustali ,,,,,,Bsal/Bd,qPCR,0,0,,,,,,,,V,,,,,coordinates not provided
,Vietnam,VNM,V?nh Phúc,Tam ??o,,,,,4/28/2016,2016,4,28,Paramesotriton,deloustali,Paramesotriton deloustali ,,,,,,Bsal/Bd,qPCR,0,0,,,,,,,,V,,,,,coordinates not provided
,Vietnam,VNM,V?nh Phúc,Tam ??o,,,,,4/28/2016,2016,4,28,Paramesotriton,deloustali,Paramesotriton deloustali ,,,,,,Bsal/Bd,qPCR,0,1,,3000GE,,,,,,V,,,,,coordinates not provided
,Vietnam,VNM,V?nh Phúc,Tam ??o,,,,,4/28/2016,2016,4,28,Paramesotriton,deloustali,Paramesotriton deloustali ,,,,,,Bsal/Bd,qPCR,0,0,,,,,,,,M,,,,,coordinates not provided
,Vietnam,VNM,V?nh Phúc,Tam ??o,,,,,4/28/2016,2016,4,28,Paramesotriton,deloustali,Paramesotriton deloustali ,,,,,,Bsal/Bd,qPCR,0,0,,,,,,,,V,,,,,coordinates not provided
,Vietnam,VNM,V?nh Phúc,Tam ??o,,,,,4/28/2016,2016,4,28,Paramesotriton,deloustali,Paramesotriton deloustali ,,,,,,Bsal/Bd,qPCR,0,0,,,,,,,,V,,,,,coordinates not provided
,Vietnam,VNM,V?nh Phúc,Tam ??o,,,,,4/28/2016,2016,4,28,Paramesotriton,deloustali,Paramesotriton deloustali ,,,,,,Bsal/Bd,qPCR,0,0,,,,,,,,V,,,,,coordinates not provided
,Vietnam,VNM,V?nh Phúc,Tam ??o,,,,,4/28/2016,2016,4,28,Paramesotriton,deloustali,Paramesotriton deloustali ,,,,,,Bsal/Bd,qPCR,0,0,,,,,,,,M,,,,,coordinates not provided
,Vietnam,VNM,V?nh Phúc,Tam ??o,,,,,4/28/2016,2016,4,28,Paramesotriton,deloustali,Paramesotriton deloustali ,,,,,,Bsal/Bd,qPCR,0,0,,,,,,,,V,,,,,coordinates not provided
,Vietnam,VNM,V?nh Phúc,Tam ??o,,,,,4/28/2016,2016,4,28,Paramesotriton,deloustali,Paramesotriton deloustali ,,,,,,Bsal/Bd,qPCR,0,0,,,,,,,,V,,,,,coordinates not provided
,Vietnam,VNM,V?nh Phúc,Tam ??o,,,,,4/28/2016,2016,4,28,Paramesotriton,deloustali,Paramesotriton deloustali ,,,,,,Bsal/Bd,qPCR,0,0,,,,,,,,V,,,,,coordinates not provided
,Vietnam,VNM,V?nh Phúc,Tam ??o,,,,,4/28/2016,2016,4,28,Paramesotriton,deloustali,Paramesotriton deloustali ,,,,,,Bsal/Bd,qPCR,0,0,,,,,,,,M,,,,,coordinates not provided
,Vietnam,VNM,V?nh Phúc,Tam ??o,,,,,4/28/2016,2016,4,28,Paramesotriton,deloustali,Paramesotriton deloustali ,,,,,,Bsal/Bd,qPCR,0,0,,,,,,,,M,,,,,coordinates not provided
,Vietnam,VNM,V?nh Phúc,Tam ??o,,,,,4/28/2016,2016,4,28,Paramesotriton,deloustali,Paramesotriton deloustali ,,,,,,Bsal/Bd,qPCR,0,0,,,,,,,,V,,,,,coordinates not provided
,Vietnam,VNM,V?nh Phúc,Tam ??o,,,,,4/28/2016,2016,4,28,Paramesotriton,deloustali,Paramesotriton deloustali ,,,,,,Bsal/Bd,qPCR,0,0,,,,,,,,M,,,,,coordinates not provided
,Vietnam,VNM,V?nh Phúc,Tam ??o,,,,,4/28/2016,2016,4,28,Paramesotriton,deloustali,Paramesotriton deloustali ,,,,,,Bsal/Bd,qPCR,0,0,,,,,,,,M,,,,,coordinates not provided
,Vietnam,VNM,L?ng S?n,L?c Bình,21 50 329,106 55 806,,,5/7/2016,2016,5,7,Tylototriton,vietnamensis,Tylototriton vietnamensis,,,,,pond 1 ,Bsal/Bd,qPCR,0,0,,,,,,,,M ,,,,,
,Vietnam,VNM,L?ng S?n,L?c Bình,21 50 329,106 55 806,,,5/7/2016,2016,5,7,Tylototriton,vietnamensis,Tylototriton vietnamensis,,,,,pond 1 ,Bsal/Bd,qPCR,0,0,,,,,,,,M ,,,,,
,Vietnam,VNM,L?ng S?n,L?c Bình,21 50 329,106 55 806,,,5/7/2016,2016,5,7,Tylototriton,vietnamensis,Tylototriton vietnamensis,,,,,pond 1,Bsal/Bd,qPCR,0,0,,,,,,,,M ,,,,,
,Vietnam,VNM,L?ng S?n,L?c Bình,21 50 329,106 55 806,,,5/7/2016,2016,5,7,Tylototriton,vietnamensis,Tylototriton vietnamensis,,,,,pond 1,Bsal/Bd,qPCR,0,0,,,,,,,,M ,,,,,Lump on back
,Vietnam,VNM,L?ng S?n,L?c Bình,21 50 329,106 55 806,,,5/7/2016,2016,5,7,Tylototriton,vietnamensis,Tylototriton vietnamensis,,,,,pond 1,Bsal/Bd,qPCR,0,0,,,,,,,,M ,,,,,
,Vietnam,VNM,L?ng S?n,L?c Bình,21 50 329,106 55 806,,,5/7/2016,2016,5,7,Tylototriton,vietnamensis,Tylototriton vietnamensis,,,,,pond 1,Bsal/Bd,qPCR,0,0,,,,,,,,M ,,,,,
,Vietnam,VNM,L?ng S?n,L?c Bình,21 50 329,106 55 806,,,5/7/2016,2016,5,7,Tylototriton,vietnamensis,Tylototriton vietnamensis,,,,,pond 1,Bsal/Bd,qPCR,0,0,,,,,,,,M ,,,,,
,Vietnam,VNM,L?ng S?n,L?c Bình,21 50 329,106 55 806,,,5/7/2016,2016,5,7,Tylototriton,vietnamensis,Tylototriton vietnamensis,,,,,pond 1,Bsal/Bd,qPCR,0,0,,,,,,,,M ,,,,,
,Vietnam,VNM,L?ng S?n,L?c Bình,21 50 329,106 55 806,,,5/7/2016,2016,5,7,Tylototriton,vietnamensis,Tylototriton vietnamensis,,,,,pond 1,Bsal/Bd,qPCR,0,0,,,,,,,,M ,,,,,
,Vietnam,VNM,L?ng S?n,L?c Bình,21 50 329,106 55 806,,,5/7/2016,2016,5,7,Tylototriton,vietnamensis,Tylototriton vietnamensis,,,,,pond 1,Bsal/Bd,qPCR,0,0,,,,,,,,M ,,,,,Extra spots
,Vietnam,VNM,L?ng S?n,L?c Bình,21 50 329,106 55 806,,,5/7/2016,2016,5,7,Tylototriton,vietnamensis,Tylototriton vietnamensis,,,,,pond 1,Bsal/Bd,qPCR,0,0,,,,,,,,M ,,,,,
,Vietnam,VNM,L?ng S?n,L?c Bình,21 50 329,106 55 806,,,5/7/2016,2016,5,7,Tylototriton,vietnamensis,Tylototriton vietnamensis,,,,,pond 1,Bsal/Bd,qPCR,0,0,,,,,,,,M ,,,,,
,Vietnam,VNM,Lào Cai,V?n Bàn,21 57 364,104 21 277,21 57 456,104 21 335,5/31/2016,2016,5,31,Paramesotriton,sp ,Paramesotriton sp  ,,,,,pond 2 ,Bsal/Bd,qPCR,0,0,,,,,,,,F,,,,,Mites
,Vietnam,VNM,Lào Cai,V?n Bàn,21 57 364,104 21 277,21 57 456,104 21 335,5/31/2016,2016,5,31,Paramesotriton,sp ,Paramesotriton sp  ,,,,,pond 2 ,Bsal/Bd,qPCR,0,0,,,,,,,,F,,,,,Back foot missing
,Vietnam,VNM,Lào Cai,V?n Bàn,21 57 364,104 21 277,21 57 456,104 21 335,5/31/2016,2016,5,31,Paramesotriton,sp ,Paramesotriton sp  ,,,,,pond 2,Bsal/Bd,qPCR,0,0,,,,,,,,F,,,,,
,Vietnam,VNM,Lào Cai,V?n Bàn,21 57 364,104 21 277,21 57 456,104 21 335,5/31/2016,2016,5,31,Paramesotriton,sp ,Paramesotriton sp  ,,,,,pond 2,Bsal/Bd,qPCR,0,0,,,,,,,,F,,,,,
,Vietnam,VNM,Lào Cai,V?n Bàn,21 57 364,104 21 277,21 57 456,104 21 335,5/31/2016,2016,5,31,Paramesotriton,sp ,Paramesotriton sp  ,,,,,pond 2,Bsal/Bd,qPCR,0,0,,,,,,,,M,,,,,
,Vietnam,VNM,Lào Cai,V?n Bàn,21 57 364,104 21 277,21 57 456,104 21 335,5/31/2016,2016,5,31,Paramesotriton,sp ,Paramesotriton sp  ,,,,,pond 2,Bsal/Bd,qPCR,0,0,,,,,,,,F,,,,,
,Vietnam,VNM,Lào Cai,V?n Bàn,21 57 364,104 21 277,21 57 456,104 21 335,5/31/2016,2016,5,31,Paramesotriton,sp ,Paramesotriton sp  ,,,,,pond 2,Bsal/Bd,qPCR,0,0,,,,,,,,M,,,,,
,Vietnam,VNM,Lào Cai,V?n Bàn,21 57 364,104 21 277,21 57 456,104 21 335,5/31/2016,2016,5,31,Paramesotriton,sp ,Paramesotriton sp  ,,,,,pond 2,Bsal/Bd,qPCR,0,0,,,,,,,,F,,,,,
,Vietnam,VNM,Lào Cai,V?n Bàn,21 57 364,104 21 277,21 57 456,104 21 335,5/31/2016,2016,5,31,Paramesotriton,sp ,Paramesotriton sp  ,,,,,pond 2,Bsal/Bd,qPCR,0,0,,,,,,,,F,,,,,
,Vietnam,VNM,Lào Cai,V?n Bàn,21 57 364,104 21 277,21 57 456,104 21 335,5/31/2016,2016,5,31,Paramesotriton,sp ,Paramesotriton sp  ,,,,,pond 2,Bsal/Bd,qPCR,0,0,,,,,,,,F,,,,,
,Vietnam,VNM,Lào Cai,V?n Bàn,21 57 364,104 21 277,21 57 456,104 21 335,5/31/2016,2016,5,31,Paramesotriton,sp ,Paramesotriton sp  ,,,,,pond 2,Bsal/Bd,qPCR,0,0,,,,,,,,F,,,,,
,Vietnam,VNM,Lào Cai,V?n Bàn,21 57 364,104 21 277,21 57 456,104 21 335,5/31/2016,2016,5,31,Paramesotriton,sp ,Paramesotriton sp  ,,,,,pond 2,Bsal/Bd,qPCR,0,0,,,,,,,,F,,,,,
,Vietnam,VNM,Lào Cai,V?n Bàn,21 57 364,104 21 277,21 57 456,104 21 335,5/31/2016,2016,5,31,Paramesotriton,sp ,Paramesotriton sp  ,,,,,pond 2,Bsal/Bd,qPCR,0,0,,,,,,,,F,,,,,
,Vietnam,VNM,Lào Cai,V?n Bàn,21 57 364,104 21 277,21 57 456,104 21 335,5/31/2016,2016,5,31,Paramesotriton,sp ,Paramesotriton sp  ,,,,,pond 2,Bsal/Bd,qPCR,0,0,,,,,,,,M,,,,,
,Vietnam,VNM,Lào Cai,V?n Bàn,21 57 364,104 21 277,21 57 456,104 21 335,5/31/2016,2016,5,31,Paramesotriton,sp ,Paramesotriton sp  ,,,,,pond 2,Bsal/Bd,qPCR,0,1,,20,,,,,,F,,,,,
,Vietnam,VNM,Lào Cai,V?n Bàn,21 57 364,104 21 277,21 57 456,104 21 335,5/31/2016,2016,5,31,Paramesotriton,sp ,Paramesotriton sp  ,,,,,pond 2,Bsal/Bd,qPCR,0,0,,,,,,,,M,,,,,
,Vietnam,VNM,Lào Cai,V?n Bàn,21 57 364,104 21 277,21 57 456,104 21 335,5/31/2016,2016,5,31,Paramesotriton,sp ,Paramesotriton sp  ,,,,,pond 2,Bsal/Bd,qPCR,0,0,,,,,,,,F,,,,,
,Vietnam,VNM,Lào Cai,V?n Bàn,21 57 364,104 21 277,21 57 456,104 21 335,5/31/2016,2016,5,31,Paramesotriton,sp ,Paramesotriton sp  ,,,,,pond 2,Bsal/Bd,qPCR,0,0,,,,,,,,F,,,,,Missing a hand
,Vietnam,VNM,Lào Cai,V?n Bàn,21 57 364,104 21 277,21 57 456,104 21 335,5/31/2016,2016,5,31,Paramesotriton,sp ,Paramesotriton sp  ,,,,,pond 2,Bsal/Bd,qPCR,0,0,,,,,,,,F,,,,,
,Vietnam,VNM,Lào Cai,V?n Bàn,21 57 364,104 21 277,21 57 456,104 21 335,5/31/2016,2016,5,31,Paramesotriton,sp ,Paramesotriton sp  ,,,,,pond 2,Bsal/Bd,qPCR,0,0,,,,,,,,F,,,,,
,Vietnam,VNM,Lào Cai,V?n Bàn,21 57 364,104 21 277,21 57 456,104 21 335,5/31/2016,2016,5,31,Paramesotriton,sp ,Paramesotriton sp  ,,,,,pond 2,Bsal/Bd,qPCR,0,0,,,,,,,,F,,,,,
,Vietnam,VNM,Lào Cai,V?n Bàn,21 57 364,104 21 277,21 57 456,104 21 335,5/31/2016,2016,5,31,Paramesotriton,sp ,Paramesotriton sp  ,,,,,pond 2,Bsal/Bd,qPCR,0,0,,,,,,,,F,,,,,
,Vietnam,VNM,Lào Cai,V?n Bàn,21 57 364,104 21 277,21 57 456,104 21 335,5/31/2016,2016,5,31,Paramesotriton,sp ,Paramesotriton sp  ,,,,,pond 2,Bsal/Bd,qPCR,0,0,,,,,,,,F,,,,,
,Vietnam,VNM,Lào Cai,V?n Bàn,21 57 364,104 21 277,21 57 456,104 21 335,5/31/2016,2016,5,31,Paramesotriton,sp ,Paramesotriton sp  ,,,,,pond 2,Bsal/Bd,qPCR,0,1,,21 2,,,,,,F,,,,,
,Vietnam,VNM,Lào Cai,V?n Bàn,21 57 364,104 21 277,21 57 456,104 21 335,5/31/2016,2016,5,31,Paramesotriton,sp ,Paramesotriton sp  ,,,,,pond 2,Bsal/Bd,qPCR,0,0,,,,,,,,F,,,,,
,Vietnam,VNM,Lào Cai,V?n Bàn,21 57 364,104 21 277,21 57 456,104 21 335,5/31/2016,2016,5,31,Paramesotriton,sp ,Paramesotriton sp  ,,,,,pond 2,Bsal/Bd,qPCR,0,0,,,,,,,,M,,,,,
,Vietnam,VNM,Lào Cai,V?n Bàn,21 57 364,104 21 277,21 57 456,104 21 335,5/31/2016,2016,5,31,Paramesotriton,sp ,Paramesotriton sp  ,,,,,pond 2,Bsal/Bd,qPCR,0,0,,,,,,,,F,,,,,
,Vietnam,VNM,Lào Cai,V?n Bàn,21 57 364,104 21 277,21 57 456,104 21 335,5/31/2016,2016,5,31,Paramesotriton,sp ,Paramesotriton sp  ,,,,,pond 2,Bsal/Bd,qPCR,0,0,,,,,,,,F,,,,,Malformed jaw
,Vietnam,VNM,Lào Cai,V?n Bàn,21 57 486,104 21 145,,,5/31/2016,2016,5,31,Paramesotriton,sp ,Paramesotriton sp  ,,,,,pond 1 ,Bsal/Bd,qPCR,0,1,,44 8,,,,,,M,,,,,
,Vietnam,VNM,Lào Cai,V?n Bàn,21 57 486,104 21 145,,,5/31/2016,2016,5,31,Paramesotriton,sp ,Paramesotriton sp  ,,,,,pond 1 ,Bsal/Bd,qPCR,0,0,,,,,,,,F,,,,,
,Vietnam,VNM,Lào Cai,V?n Bàn,21 57 486,104 21 145,,,5/31/2016,2016,5,31,Paramesotriton,sp ,Paramesotriton sp  ,,,,,pond 1,Bsal/Bd,qPCR,0,0,,,,,,,,M,,,,,Light stripe on tail
,Vietnam,VNM,Lào Cai,V?n Bàn,21 59 684,104 16 119,,,6/1/2016,2016,6,1,Paramesotriton,sp ,Paramesotriton sp  ,,,,,pond 3,Bsal/Bd,qPCR,0,0,,,,,,,,M,,,,,
,Vietnam,VNM,Lào Cai,V?n Bàn,21 59 684,104 16 119,,,6/1/2016,2016,6,1,Paramesotriton,sp ,Paramesotriton sp  ,,,,,pond 3,Bsal/Bd,qPCR,0,0,,,,,,,,M,,,,,
,Vietnam,VNM,Lào Cai,V?n Bàn,21 59 757,104 15 860,21 59 854,104 15 713,6/1/2016,2016,6,1,Paramesotriton,sp ,Paramesotriton sp  ,,,,,pond 4,Bsal/Bd,qPCR,0,0,,,,,,,,M,,,,,
,Vietnam,VNM,Lào Cai,V?n Bàn,21 59 757,104 15 860,21 59 854,104 15 713,6/1/2016,2016,6,1,Paramesotriton,sp ,Paramesotriton sp  ,,,,,pond 4,Bsal/Bd,qPCR,0,0,,,,,,,,M,,,,,
,Vietnam,VNM,Lào Cai,V?n Bàn,21 59 757,104 15 860,21 59 854,104 15 713,6/1/2016,2016,6,1,Paramesotriton,sp ,Paramesotriton sp  ,,,,,pond 4,Bsal/Bd,qPCR,0,0,,,,,,,,F,,,,,
,Vietnam,VNM,Lào Cai,V?n Bàn,21 59 757,104 15 860,21 59 854,104 15 713,6/1/2016,2016,6,1,Paramesotriton,sp ,Paramesotriton sp  ,,,,,pond 4,Bsal/Bd,qPCR,0,1,,24 3,,,,,,M,,,,,
,Vietnam,VNM,Lào Cai,V?n Bàn,21 59 757,104 15 860,21 59 854,104 15 713,6/1/2016,2016,6,1,Paramesotriton,sp ,Paramesotriton sp  ,,,,,pond 4,Bsal/Bd,qPCR,0,0,,,,,,,,M,,,,,Mites
,Vietnam,VNM,Lào Cai,V?n Bàn,21 59 757,104 15 860,21 59 854,104 15 713,6/1/2016,2016,6,1,Paramesotriton,sp ,Paramesotriton sp  ,,,,,pond 4,Bsal/Bd,qPCR,0,0,,,,,,,,F,,,,,"Mites, malformed mouth"
,Vietnam,VNM,Lào Cai,V?n Bàn,21 59 757,104 15 860,21 59 854,104 15 713,6/1/2016,2016,6,1,Paramesotriton,sp ,Paramesotriton sp  ,,,,,pond 4,Bsal/Bd,qPCR,0,0,,,,,,,,F,,,,,
,Vietnam,VNM,Lào Cai,V?n Bàn,21 59 757,104 15 860,21 59 854,104 15 713,6/1/2016,2016,6,1,Paramesotriton,sp ,Paramesotriton sp  ,,,,,pond 4,Bsal/Bd,qPCR,0,0,,,,,,,,M,,,,,
,Vietnam,VNM,Lào Cai,V?n Bàn,21 59 757,104 15 860,21 59 854,104 15 713,6/1/2016,2016,6,1,Paramesotriton,sp ,Paramesotriton sp  ,,,,,pond 4,Bsal/Bd,qPCR,0,0,,,,,,,,F,,,,,
,Vietnam,VNM,Lào Cai,V?n Bàn,21 59 757,104 15 860,21 59 854,104 15 713,6/1/2016,2016,6,1,Paramesotriton,sp ,Paramesotriton sp  ,,,,,pond 4,Bsal/Bd,qPCR,0,0,,,,,,,,M,,,,,
,Vietnam,VNM,Lào Cai,V?n Bàn,21 59 757,104 15 860,21 59 854,104 15 713,6/1/2016,2016,6,1,Paramesotriton,sp ,Paramesotriton sp  ,,,,,pond 4,Bsal/Bd,qPCR,0,0,,,,,,,,M,,,,,
,Vietnam,VNM,Lào Cai,V?n Bàn,21 59 757,104 15 860,21 59 854,104 15 713,6/1/2016,2016,6,1,Paramesotriton,sp ,Paramesotriton sp  ,,,,,pond 4,Bsal/Bd,qPCR,0,0,,,,,,,,M,,,,,Mites
,Vietnam,VNM,Lào Cai,V?n Bàn,21 59 757,104 15 860,21 59 854,104 15 713,6/1/2016,2016,6,1,Paramesotriton,sp ,Paramesotriton sp  ,,,,,pond 4,Bsal/Bd,qPCR,0,0,,,,,,,,M,,,,,Mites
,Vietnam,VNM,Lào Cai,V?n Bàn,21 59 757,104 15 860,21 59 854,104 15 713,6/1/2016,2016,6,1,Paramesotriton,sp ,Paramesotriton sp  ,,,,,pond 4,Bsal/Bd,qPCR,0,0,,,,,,,,F,,,,,
,Vietnam,VNM,Lào Cai,V?n Bàn,21 59 757,104 15 860,21 59 854,104 15 713,6/1/2016,2016,6,1,Paramesotriton,sp ,Paramesotriton sp  ,,,,,pond 4,Bsal/Bd,qPCR,0,0,,,,,,,,M,,,,,
,Vietnam,VNM,Lào Cai,V?n Bàn,21 59 757,104 15 860,21 59 854,104 15 713,6/1/2016,2016,6,1,Paramesotriton,sp ,Paramesotriton sp  ,,,,,pond 4,Bsal/Bd,qPCR,0,0,,,,,,,,M,,,,,
,Vietnam,VNM,Lào Cai,V?n Bàn,21 59 757,104 15 860,21 59 854,104 15 713,6/1/2016,2016,6,1,Paramesotriton,sp ,Paramesotriton sp  ,,,,,pond 4,Bsal/Bd,qPCR,0,0,,,,,,,,M,,,,,
,Vietnam,VNM,Lào Cai,V?n Bàn,21 59 757,104 15 860,21 59 854,104 15 713,6/1/2016,2016,6,1,Paramesotriton,sp ,Paramesotriton sp  ,,,,,pond 4,Bsal/Bd,qPCR,0,0,,,,,,,,F,,,,,
,Vietnam,VNM,Lào Cai,V?n Bàn,21 59 757,104 15 860,21 59 854,104 15 713,6/1/2016,2016,6,1,Paramesotriton,sp ,Paramesotriton sp  ,,,,,pond 4,Bsal/Bd,qPCR,0,0,,,,,,,,M,,,,,
,Vietnam,VNM,Lào Cai,V?n Bàn,21 59 757,104 15 860,21 59 854,104 15 713,6/1/2016,2016,6,1,Paramesotriton,sp ,Paramesotriton sp  ,,,,,pond 4,Bsal/Bd,qPCR,0,0,,,,,,,,M,,,,,Mites
,Vietnam,VNM,Lào Cai,V?n Bàn,21 59 757,104 15 860,21 59 854,104 15 713,6/1/2016,2016,6,1,Paramesotriton,sp ,Paramesotriton sp  ,,,,,pond 4,Bsal/Bd,qPCR,0,0,,,,,,,,F,,,,,
,Vietnam,VNM,Lào Cai,V?n Bàn,21 59 757,104 15 860,21 59 854,104 15 713,6/1/2016,2016,6,1,Paramesotriton,sp ,Paramesotriton sp  ,,,,,pond 4,Bsal/Bd,qPCR,0,0,,,,,,,,M,,,,,
,Vietnam,VNM,Lào Cai,V?n Bàn,21 59 757,104 15 860,21 59 854,104 15 713,6/1/2016,2016,6,1,Paramesotriton,sp ,Paramesotriton sp  ,,,,,pond 4,Bsal/Bd,qPCR,0,0,,,,,,,,M,,,,,"Mites, hip bones sticking out"
,Vietnam,VNM,Lào Cai,V?n Bàn,21 59 757,104 15 860,21 59 854,104 15 713,6/1/2016,2016,6,1,Paramesotriton,sp ,Paramesotriton sp  ,,,,,pond 4,Bsal/Bd,qPCR,0,0,,,,,,,,M,,,,,
,Vietnam,VNM,Lào Cai,V?n Bàn,21 59 757,104 15 860,21 59 854,104 15 713,6/1/2016,2016,6,1,Paramesotriton,sp ,Paramesotriton sp  ,,,,,pond 4,Bsal/Bd,qPCR,0,0,,,,,,,,F,,,,,
,Vietnam,VNM,Lào Cai,V?n Bàn,21 59 757,104 15 860,21 59 854,104 15 713,6/1/2016,2016,6,1,Paramesotriton,sp ,Paramesotriton sp  ,,,,,pond 4,Bsal/Bd,qPCR,0,0,,,,,,,,F,,,,,
,Vietnam,VNM,Lào Cai,V?n Bàn,21 59 757,104 15 860,21 59 854,104 15 713,6/1/2016,2016,6,1,Paramesotriton,sp ,Paramesotriton sp  ,,,,,pond 4,Bsal/Bd,qPCR,0,0,,,,,,,,F,,,,,
,Vietnam,VNM,Lào Cai,V?n Bàn,21 59 757,104 15 860,21 59 854,104 15 713,6/1/2016,2016,6,1,Paramesotriton,sp ,Paramesotriton sp  ,,,,,pond 4,Bsal/Bd,qPCR,0,0,,,,,,,,F,,,,,
,Vietnam,VNM,Lai Chau,Sìn H?,22 18 603,103 13 566,,,6/5/2016,2016,6,5,Tylototriton,sp ,Tylototriton sp ,,,,,pond 1 ,Bsal/Bd,qPCR,0,0,,,,,,,,M,,,,,
,Vietnam,VNM,Lai Chau,Sìn H?,22 18 603,103 13 567,,,6/5/2016,2016,6,5,Tylototriton,sp ,Tylototriton sp ,,,,,pond 1 ,Bsal/Bd,qPCR,0,0,,,,,,,,F?,,,,,
,Vietnam,VNM,Lai Chau,Sìn H?,22 18 603,103 13 568,,,6/5/2016,2016,6,5,Tylototriton,sp ,Tylototriton sp ,,,,,pond 1,Bsal/Bd,qPCR,0,0,,,,,,,,M,,,,,
,Vietnam,VNM,Lai Chau,Sìn H?,22 18 603,103 13 569,,,6/5/2016,2016,6,5,Tylototriton,sp ,Tylototriton sp ,,,,,pond 1,Bsal/Bd,qPCR,0,0,,,,,,,,M,,,,,
,Vietnam,VNM,Lai Chau,Sìn H?,22 18 603,103 13 570,,,6/5/2016,2016,6,5,Tylototriton,sp ,Tylototriton sp ,,,,,pond 1,Bsal/Bd,qPCR,0,0,,,,,,,,M,,,,,
,Vietnam,VNM,Lai Chau,Sìn H?,22 18 603,103 13 571,,,6/5/2016,2016,6,5,Tylototriton,sp ,Tylototriton sp ,,,,,pond 1,Bsal/Bd,qPCR,0,0,,,,,,,,M,,,,,
,Vietnam,VNM,Lai Chau,Sìn H?,22 18 986,103 13 646,,,6/5/2016,2016,6,5,Tylototriton,sp ,Tylototriton sp ,,,,,pond 2,Bsal/Bd,qPCR,0,0,,,,,,,,M,,,,,
,Vietnam,VNM,Lai Chau,Sìn H?,22 18 986,103 13 647,,,6/5/2016,2016,6,5,Tylototriton,sp ,Tylototriton sp ,,,,,pond 2,Bsal/Bd,qPCR,0,0,,,,,,,,M,,,,,
,Vietnam,VNM,Lai Chau,Sìn H?,22 18 986,103 13 648,,,6/5/2016,2016,6,5,Tylototriton,sp ,Tylototriton sp ,,,,,pond 2,Bsal/Bd,qPCR,0,0,,,,,,,,M,,,,,
,Vietnam,VNM,Lai Chau,Sìn H?,22 18 986,103 13 649,,,6/5/2016,2016,6,5,Tylototriton,sp ,Tylototriton sp ,,,,,pond 2,Bsal/Bd,qPCR,0,0,,,,,,,,M,,,,,
,Vietnam,VNM,Lai Chau,Sìn H?,22 19 056,103 13 553,,,6/5/2016,2016,6,5,Tylototriton,sp ,Tylototriton sp ,,,,,pond 3,Bsal/Bd,qPCR,0,0,,,,,,,,m,,,,,
,Vietnam,VNM,Lai Chau,Sìn H?,22 19 056,103 13 554,,,6/5/2016,2016,6,5,Tylototriton,sp ,Tylototriton sp ,,,,,pond 4,Bsal/Bd,qPCR,0,0,,,,,,,,M,,,,,
,Vietnam,VNM,Lai Chau,Sìn H?,22 19 056,103 13 555,,,6/5/2016,2016,6,5,Tylototriton,sp ,Tylototriton sp ,,,,,pond 4,Bsal/Bd,qPCR,0,0,,,,,,,,,,,,,
,Vietnam,VNM,Lai Chau,Sìn H?,22 19 056,103 13 556,,,6/5/2016,2016,6,5,Tylototriton,sp ,Tylototriton sp ,,,,,pond 4,Bsal/Bd,qPCR,0,0,,,,,,,,,,,,,
,Vietnam,VNM,Lai Chau,Sìn H?,22 19 056,103 13 557,,,6/5/2016,2016,6,5,Tylototriton,sp ,Tylototriton sp ,,,,,pond 4,Bsal/Bd,qPCR,0,0,,,,,,,,,,,,,
,Vietnam,VNM,Lai Chau,Sìn H?,22 19 056,103 13 558,,,6/5/2016,2016,6,5,Tylototriton,sp ,Tylototriton sp ,,,,,pond 4,Bsal/Bd,qPCR,0,0,,,,,,,,,,,,,
,Vietnam,VNM,Lai Chau,Sìn H?,22 19 056,103 13 559,,,6/5/2016,2016,6,5,Tylototriton,sp ,Tylototriton sp ,,,,,pond 4,Bsal/Bd,qPCR,0,0,,,,,,,,,,,,,
,Vietnam,VNM,Hà Giang,B?c Quang,22 21 609,104 59 818,,,5/27/2016,2016,5,27,Tylototriton,ziegleri,Tylototriton ziegleri,,,,,,Bsal/Bd,qPCR,0,0,,,,,,,,M,,,,,Shedding
,Vietnam,VNM,Hà Giang,B?c Quang,22 21 609,104 59 818,,,5/27/2016,2016,5,27,Tylototriton,ziegleri,Tylototriton ziegleri,,,,,,Bsal/Bd,qPCR,0,0,,,,,,,,M,,,,,
,Vietnam,VNM,Hà Giang,B?c Quang,22 21 609,104 59 818,,,5/27/2016,2016,5,27,Tylototriton,ziegleri,Tylototriton ziegleri,,,,,,Bsal/Bd,qPCR,0,0,,,,,,,,M,,,,,Very orange markings
,Vietnam,VNM,Hà Giang,B?c Quang,22 21 648,105 00 025,,,5/27/2016,2016,5,27,Tylototriton,ziegleri,Tylototriton ziegleri,,,,,,Bsal/Bd,qPCR,0,0,,,,,,,,M,,,,,
,Vietnam,VNM,Hà Giang,B?c Quang,22 21 648,105 00 025,,,5/27/2016,2016,5,27,Tylototriton,ziegleri,Tylototriton ziegleri,,,,,,Bsal/Bd,qPCR,0,0,,,,,,,,M,,,,,
,Vietnam,VNM,Hà Giang,B?c Quang,22 21 648,105 00 025,,,5/27/2016,2016,5,27,Tylototriton,ziegleri,Tylototriton ziegleri,,,,,,Bsal/Bd,qPCR,0,0,,,,,,,,M,,,,,
,Vietnam,VNM,Hà Giang,B?c Quang,22 21 648,105 00 025,,,5/27/2016,2016,5,27,Tylototriton,ziegleri,Tylototriton ziegleri,,,,,,Bsal/Bd,qPCR,0,0,,,,,,,,M,,,,,
,Vietnam,VNM,Hà Giang,B?c Quang,22 21 648,105 00 025,,,5/27/2016,2016,5,27,Tylototriton,ziegleri,Tylototriton ziegleri,,,,,,Bsal/Bd,qPCR,0,0,,,,,,,,M,,,,,
,Vietnam,VNM,Hà Giang,B?c Quang,22 21 648,105 00 025,,,5/27/2016,2016,5,27,Tylototriton,ziegleri,Tylototriton ziegleri,,,,,,Bsal/Bd,qPCR,0,0,,,,,,,,M,,,,,
,Vietnam,VNM,Hà Giang,B?c Quang,22 21 648,105 00 025,,,5/27/2016,2016,5,27,Tylototriton,ziegleri,Tylototriton ziegleri,,,,,,Bsal/Bd,qPCR,0,0,,,,,,,,M,,,,,
,Vietnam,VNM,Hà Giang,B?c Quang,22 21 648,105 00 025,,,5/27/2016,2016,5,27,Tylototriton,ziegleri,Tylototriton ziegleri,,,,,,Bsal/Bd,qPCR,0,0,,,,,,,,M,,,,,
,Vietnam,VNM,Hà Giang,B?c Quang,22 21 648,105 00 025,,,5/27/2016,2016,5,27,Tylototriton,ziegleri,Tylototriton ziegleri,,,,,,Bsal/Bd,qPCR,0,0,,,,,,,,M,,,,,
,Vietnam,VNM,Hà Giang,B?c Quang,22 21 648,105 00 025,,,5/27/2016,2016,5,27,Tylototriton,ziegleri,Tylototriton ziegleri,,,,,,Bsal/Bd,qPCR,0,0,,,,,,,,M,,,,,
,Vietnam,VNM,Hà Giang,B?c Quang,22 21 648,105 00 025,,,5/27/2016,2016,5,27,Tylototriton,ziegleri,Tylototriton ziegleri,,,,,,Bsal/Bd,qPCR,0,0,,,,,,,,M,,,,,
,Vietnam,VNM,Hà Giang,B?c Quang,22 21 648,105 00 025,,,5/27/2016,2016,5,27,Tylototriton,ziegleri,Tylototriton ziegleri,,,,,,Bsal/Bd,qPCR,0,0,,,,,,,,M,,,,,
,Vietnam,VNM,Hà Giang,B?c Quang,22 21 648,105 00 025,,,5/27/2016,2016,5,27,Tylototriton,ziegleri,Tylototriton ziegleri,,,,,,Bsal/Bd,qPCR,0,0,,,,,,,,M,,,,,
,Vietnam,VNM,Hà Giang,B?c Quang,22 21 648,105 00 025,,,5/27/2016,2016,5,27,Tylototriton,ziegleri,Tylototriton ziegleri,,,,,,Bsal/Bd,qPCR,0,0,,,,,,,,M,,,,,
,Vietnam,VNM,Hà Giang,B?c Quang,22 21 648,105 00 025,,,5/27/2016,2016,5,27,Tylototriton,ziegleri,Tylototriton ziegleri,,,,,,Bsal/Bd,qPCR,0,0,,,,,,,,M,,,,,
,Vietnam,VNM,Hà Giang,B?c Quang,22 21 648,105 00 025,,,5/27/2016,2016,5,27,Tylototriton,ziegleri,Tylototriton ziegleri,,,,,,Bsal/Bd,qPCR,0,0,,,,,,,,M,,,,,
,Vietnam,VNM,Hà Giang,B?c Quang,22 21 648,105 00 025,,,5/27/2016,2016,5,27,Tylototriton,ziegleri,Tylototriton ziegleri,,,,,,Bsal/Bd,qPCR,0,0,,,,,,,,M,,,,,
,Vietnam,VNM,Hà Giang,B?c Quang,22 21 648,105 00 025,,,5/27/2016,2016,5,27,Tylototriton,ziegleri,Tylototriton ziegleri,,,,,,Bsal/Bd,qPCR,0,0,,,,,,,,M,,,,,Shedding
,Vietnam,VNM,Hà Giang,B?c Quang,22 21 648,105 00 025,,,5/27/2016,2016,5,27,Tylototriton,ziegleri,Tylototriton ziegleri,,,,,,Bsal/Bd,qPCR,0,0,,,,,,,,M,,,,,
,Vietnam,VNM,Hà Giang,B?c Quang,22 21 648,105 00 025,,,5/27/2016,2016,5,27,Tylototriton,ziegleri,Tylototriton ziegleri,,,,,,Bsal/Bd,qPCR,0,0,,,,,,,,M,,,,,
,Vietnam,VNM,Hà Giang,B?c Quang,22 21 648,105 00 025,,,5/27/2016,2016,5,27,Tylototriton,ziegleri,Tylototriton ziegleri,,,,,,Bsal/Bd,qPCR,0,0,,,,,,,,M,,,,,
,Vietnam,VNM,Hà Giang,B?c Quang,22 21 648,105 00 025,,,5/27/2016,2016,5,27,Tylototriton,ziegleri,Tylototriton ziegleri,,,,,,Bsal/Bd,qPCR,0,0,,,,,,,,M,,,,,
,Vietnam,VNM,Hà Giang,B?c Quang,22 21 648,105 00 025,,,5/27/2016,2016,5,27,Tylototriton,ziegleri,Tylototriton ziegleri,,,,,,Bsal/Bd,qPCR,0,0,,,,,,,,M,,,,,
,Vietnam,VNM,B?c K?n ,,22 22 142,105 43 191,22 22 038,105 43 140,5/10/2016,2016,5,10,Paramesotriton,deloustali,Paramesotriton deloustali ,,,,,stream 2 ,Bsal/Bd,qPCR,0,1,,200GE,,,,,,M,,,,,
,Vietnam,VNM,B?c K?n ,,22 22 142,105 43 191,22 22 038,105 43 140,5/10/2016,2016,5,10,Paramesotriton,deloustali,Paramesotriton deloustali ,,,,,stream 2 ,Bsal/Bd,qPCR,0,0,,,,,,,,M,,,,,
,Vietnam,VNM,B?c K?n ,,22 22 142,105 43 191,22 22 038,105 43 140,5/10/2016,2016,5,10,Paramesotriton,deloustali,Paramesotriton deloustali ,,,,,stream 2,Bsal/Bd,qPCR,0,0,,,,,,,,F,,,,,
,Vietnam,VNM,B?c K?n ,,22 22 142,105 43 191,22 22 038,105 43 140,5/10/2016,2016,5,10,Paramesotriton,deloustali,Paramesotriton deloustali ,,,,,stream 2,Bsal/Bd,qPCR,0,0,,,,,,,,M,,,,,
,Vietnam,VNM,B?c K?n ,,22 22 142,105 43 191,22 22 038,105 43 140,5/10/2016,2016,5,10,Paramesotriton,deloustali,Paramesotriton deloustali ,,,,,stream 2,Bsal/Bd,qPCR,0,0,,,,,,,,M,,,,,
,Vietnam,VNM,B?c K?n ,,22 22 142,105 43 191,22 22 038,105 43 140,5/10/2016,2016,5,10,Paramesotriton,deloustali,Paramesotriton deloustali ,,,,,stream 2,Bsal/Bd,qPCR,0,0,,,,,,,,M,,,,,
,Vietnam,VNM,B?c K?n ,,22 22 142,105 43 191,22 22 038,105 43 140,5/10/2016,2016,5,10,Paramesotriton,deloustali,Paramesotriton deloustali ,,,,,stream 2,Bsal/Bd,qPCR,0,0,,,,,,,,F,,,,,
,Vietnam,VNM,B?c K?n ,,22 22 142,105 43 191,22 22 038,105 43 140,5/10/2016,2016,5,10,Paramesotriton,deloustali,Paramesotriton deloustali ,,,,,stream 2,Bsal/Bd,qPCR,0,0,,,,,,,,M,,,,,
,Vietnam,VNM,B?c K?n ,,22 22 142,105 43 191,22 22 038,105 43 140,5/10/2016,2016,5,10,Paramesotriton,deloustali,Paramesotriton deloustali ,,,,,stream 2,Bsal/Bd,qPCR,0,0,,,,,,,,M,,,,,
,Vietnam,VNM,B?c K?n ,,22 22 142,105 43 191,22 22 038,105 43 140,5/10/2016,2016,5,10,Paramesotriton,deloustali,Paramesotriton deloustali ,,,,,stream 2,Bsal/Bd,qPCR,0,0,,,,,,,,F,,,,,
,Vietnam,VNM,B?c K?n ,,22 22 142,105 43 191,22 22 038,105 43 140,5/10/2016,2016,5,10,Paramesotriton,deloustali,Paramesotriton deloustali ,,,,,stream 2,Bsal/Bd,qPCR,0,0,,,,,,,,F,,,,,
,Vietnam,VNM,B?c K?n ,,22 22 142,105 43 191,22 22 038,105 43 140,5/10/2016,2016,5,10,Paramesotriton,deloustali,Paramesotriton deloustali ,,,,,stream 2,Bsal/Bd,qPCR,0,0,,,,,,,,F,,,,,
,Vietnam,VNM,B?c K?n ,,22 22 142,105 43 191,22 22 038,105 43 140,5/10/2016,2016,5,10,Paramesotriton,deloustali,Paramesotriton deloustali ,,,,,stream 2,Bsal/Bd,qPCR,0,0,,,,,,,,M,,,,,
,Vietnam,VNM,B?c K?n ,,22 22 142,105 43 191,22 22 038,105 43 140,5/10/2016,2016,5,10,Paramesotriton,deloustali,Paramesotriton deloustali ,,,,,stream 2,Bsal/Bd,qPCR,0,0,,,,,,,,M,,,,,
,Vietnam,VNM,B?c K?n ,,22 22 142,105 43 191,22 22 038,105 43 140,5/10/2016,2016,5,10,Paramesotriton,deloustali,Paramesotriton deloustali ,,,,,stream 2,Bsal/Bd,qPCR,0,0,,,,,,,,M,,,,,
,Vietnam,VNM,B?c K?n ,,22 22 142,105 43 191,22 22 038,105 43 140,5/10/2016,2016,5,10,Paramesotriton,deloustali,Paramesotriton deloustali ,,,,,stream 2,Bsal/Bd,qPCR,0,0,,,,,,,,F,,,,,
,Vietnam,VNM,B?c K?n ,,22 22 142,105 43 191,22 22 038,105 43 140,5/10/2016,2016,5,10,Paramesotriton,deloustali,Paramesotriton deloustali ,,,,,stream 2,Bsal/Bd,qPCR,0,0,,,,,,,,M,,,,,
,Vietnam,VNM,B?c K?n ,,22 22 142,105 43 191,22 22 038,105 43 140,5/10/2016,2016,5,10,Paramesotriton,deloustali,Paramesotriton deloustali ,,,,,stream 2,Bsal/Bd,qPCR,0,0,,,,,,,,F,,,,,
,Vietnam,VNM,B?c K?n ,,22 22 142,105 43 191,22 22 038,105 43 140,5/10/2016,2016,5,10,Paramesotriton,deloustali,Paramesotriton deloustali ,,,,,stream 2,Bsal/Bd,qPCR,0,0,,,,,,,,F,,,,,
,Vietnam,VNM,B?c K?n ,,22 22 142,105 43 191,22 22 038,105 43 140,5/10/2016,2016,5,10,Paramesotriton,deloustali,Paramesotriton deloustali ,,,,,stream 2,Bsal/Bd,qPCR,0,0,,,,,,,,M,,,,,
,Vietnam,VNM,B?c K?n ,,22 22 142,105 43 191,22 22 038,105 43 140,5/10/2016,2016,5,10,Paramesotriton,deloustali,Paramesotriton deloustali ,,,,,stream 2,Bsal/Bd,qPCR,0,0,,,,,,,,M,,,,,
,Vietnam,VNM,B?c K?n ,,22 22 142,105 43 191,22 22 038,105 43 140,5/10/2016,2016,5,10,Paramesotriton,deloustali,Paramesotriton deloustali ,,,,,stream 2,Bsal/Bd,qPCR,0,0,,,,,,,,F,,,,,
,Vietnam,VNM,B?c K?n ,,22 22 142,105 43 191,22 22 038,105 43 140,5/10/2016,2016,5,10,Paramesotriton,deloustali,Paramesotriton deloustali ,,,,,stream 2,Bsal/Bd,qPCR,0,0,,,,,,,,M,,,,,
,Vietnam,VNM,B?c K?n ,,22 22 142,105 43 191,22 22 038,105 43 140,5/10/2016,2016,5,10,Paramesotriton,deloustali,Paramesotriton deloustali ,,,,,stream 2,Bsal/Bd,qPCR,0,0,,,,,,,,M,,,,,
,Vietnam,VNM,B?c K?n ,,22 22 142,105 43 191,22 22 038,105 43 140,5/10/2016,2016,5,10,Paramesotriton,deloustali,Paramesotriton deloustali ,,,,,stream 2,Bsal/Bd,qPCR,0,0,,,,,,,,M,,,,,
,Vietnam,VNM,B?c K?n ,,22 22 142,105 43 191,22 22 038,105 43 140,5/10/2016,2016,5,10,Paramesotriton,deloustali,Paramesotriton deloustali ,,,,,stream 2,Bsal/Bd,qPCR,0,0,,,,,,,,F,,,,,
,Vietnam,VNM,B?c K?n ,,22 22 142,105 43 191,22 22 038,105 43 140,5/10/2016,2016,5,10,Paramesotriton,deloustali,Paramesotriton deloustali ,,,,,stream 2,Bsal/Bd,qPCR,0,0,,,,,,,,M,,,,,
,Vietnam,VNM,B?c K?n ,,22 22 142,105 43 191,22 22 038,105 43 140,5/10/2016,2016,5,10,Paramesotriton,deloustali,Paramesotriton deloustali ,,,,,stream 2,Bsal/Bd,qPCR,0,0,,,,,,,,M,,,,,
,Vietnam,VNM,B?c K?n ,,22 22 142,105 43 191,22 22 038,105 43 140,5/10/2016,2016,5,10,Paramesotriton,deloustali,Paramesotriton deloustali ,,,,,stream 2,Bsal/Bd,qPCR,0,0,,,,,,,,M,,,,,
,Vietnam,VNM,B?c K?n ,,22 22 142,105 43 191,22 22 038,105 43 140,5/10/2016,2016,5,10,Paramesotriton,deloustali,Paramesotriton deloustali ,,,,,stream 2,Bsal/Bd,qPCR,0,0,,,,,,,,M,,,,,
,Vietnam,VNM,B?c K?n ,,22 22 142,105 43 191,22 22 038,105 43 140,5/10/2016,2016,5,10,Paramesotriton,deloustali,Paramesotriton deloustali ,,,,,stream 2,Bsal/Bd,qPCR,0,0,,,,,,,,M,,,,,
,Vietnam,VNM,B?c K?n ,,22 22 142,105 43 191,22 22 038,105 43 140,5/10/2016,2016,5,10,Paramesotriton,deloustali,Paramesotriton deloustali ,,,,,stream 2,Bsal/Bd,qPCR,0,0,,,,,,,,M,,,,,
,Vietnam,VNM,B?c K?n ,,22 22 142,105 43 191,22 22 038,105 43 140,5/10/2016,2016,5,10,Paramesotriton,deloustali,Paramesotriton deloustali ,,,,,stream 2,Bsal/Bd,qPCR,0,0,,,,,,,,F,,,,,
,Vietnam,VNM,B?c K?n ,,22 22 142,105 43 191,22 22 038,105 43 140,5/10/2016,2016,5,10,Paramesotriton,deloustali,Paramesotriton deloustali ,,,,,stream 2,Bsal/Bd,qPCR,0,0,,,,,,,,M,,,,,
,Vietnam,VNM,B?c K?n ,,22 22 142,105 43 191,22 22 038,105 43 140,5/10/2016,2016,5,10,Paramesotriton,deloustali,Paramesotriton deloustali ,,,,,stream 2,Bsal/Bd,qPCR,0,0,,,,,,,,F,,,,,
,Vietnam,VNM,B?c K?n ,,22 22 142,105 43 191,22 22 038,105 43 140,5/10/2016,2016,5,10,Paramesotriton,deloustali,Paramesotriton deloustali ,,,,,stream 2,Bsal/Bd,qPCR,0,0,,,,,,,,F,,,,,
,Vietnam,VNM,B?c K?n ,,22 22 142,105 43 191,22 22 038,105 43 140,5/10/2016,2016,5,10,Paramesotriton,deloustali,Paramesotriton deloustali ,,,,,stream 2,Bsal/Bd,qPCR,0,0,,,,,,,,M,,,,,
,Vietnam,VNM,B?c K?n ,,22 22 142,105 43 191,22 22 038,105 43 140,5/10/2016,2016,5,10,Paramesotriton,deloustali,Paramesotriton deloustali ,,,,,stream 2,Bsal/Bd,qPCR,0,0,,,,,,,,F,,,,,
,Vietnam,VNM,B?c K?n ,,22 22 716,105 42 439,22 22 772,105 42 488,5/9/2016,2016,5,9,Paramesotriton,deloustali,Paramesotriton deloustali ,,,,,stream 1 ,Bsal/Bd,qPCR,0,0,,,,,,,,M,,,,,
,Vietnam,VNM,B?c K?n ,,22 22 716,105 42 439,22 22 772,105 42 488,5/9/2016,2016,5,9,Paramesotriton,deloustali,Paramesotriton deloustali ,,,,,stream 1 ,Bsal/Bd,qPCR,0,0,,,,,,,,M,,,,,
,Vietnam,VNM,B?c K?n ,,22 22 716,105 42 439,22 22 772,105 42 488,5/9/2016,2016,5,9,Paramesotriton,deloustali,Paramesotriton deloustali ,,,,,stream 1,Bsal/Bd,qPCR,0,0,,,,,,,,M,,,,,
,Vietnam,VNM,B?c K?n ,,22 22 716,105 42 439,22 22 772,105 42 488,5/9/2016,2016,5,9,Paramesotriton,deloustali,Paramesotriton deloustali ,,,,,stream 1,Bsal/Bd,qPCR,0,0,,,,,,,,M,,,,,
,Vietnam,VNM,B?c K?n ,,22 22 716,105 42 439,22 22 772,105 42 488,5/9/2016,2016,5,9,Paramesotriton,deloustali,Paramesotriton deloustali ,,,,,stream 1,Bsal/Bd,qPCR,0,0,,,,,,,,F,,,,,
,Vietnam,VNM,B?c K?n ,,22 22 716,105 42 439,22 22 772,105 42 488,5/9/2016,2016,5,9,Paramesotriton,deloustali,Paramesotriton deloustali ,,,,,stream 1,Bsal/Bd,qPCR,0,0,,,,,,,,M,,,,,
,Vietnam,VNM,B?c K?n ,,22 22 716,105 42 439,22 22 772,105 42 488,5/9/2016,2016,5,9,Paramesotriton,deloustali,Paramesotriton deloustali ,,,,,stream 1,Bsal/Bd,qPCR,0,0,,,,,,,,M,,,,,
,Vietnam,VNM,B?c K?n ,,22 22 716,105 42 439,22 22 772,105 42 488,5/9/2016,2016,5,9,Paramesotriton,deloustali,Paramesotriton deloustali ,,,,,stream 1,Bsal/Bd,qPCR,0,0,,,,,,,,F,,,,,
,Vietnam,VNM,B?c K?n ,,22 22 716,105 42 439,22 22 772,105 42 488,5/9/2016,2016,5,9,Paramesotriton,deloustali,Paramesotriton deloustali ,,,,,stream 1,Bsal/Bd,qPCR,0,0,,,,,,,,F,,,,,
,Vietnam,VNM,B?c K?n ,,22 22 716,105 42 439,22 22 772,105 42 488,5/9/2016,2016,5,9,Paramesotriton,deloustali,Paramesotriton deloustali ,,,,,stream 1,Bsal/Bd,qPCR,0,0,,,,,,,,M,,,,,
,Vietnam,VNM,B?c K?n ,,22 22 716,105 42 439,22 22 772,105 42 488,5/9/2016,2016,5,9,Paramesotriton,deloustali,Paramesotriton deloustali ,,,,,stream 1,Bsal/Bd,qPCR,0,0,,,,,,,,F,,,,,
,Vietnam,VNM,B?c K?n ,,22 22 716,105 42 439,22 22 772,105 42 488,5/9/2016,2016,5,9,Paramesotriton,deloustali,Paramesotriton deloustali ,,,,,stream 1,Bsal/Bd,qPCR,0,0,,,,,,,,F,,,,,
,Vietnam,VNM,B?c K?n ,,22 22 716,105 42 439,22 22 772,105 42 488,5/9/2016,2016,5,9,Paramesotriton,deloustali,Paramesotriton deloustali ,,,,,stream 1,Bsal/Bd,qPCR,0,0,,,,,,,,M,,,,,
,Vietnam,VNM,B?c K?n ,,22 22 716,105 42 439,22 22 772,105 42 488,5/9/2016,2016,5,9,Paramesotriton,deloustali,Paramesotriton deloustali ,,,,,stream 1,Bsal/Bd,qPCR,0,0,,,,,,,,F,,,,,
,Vietnam,VNM,B?c K?n ,,22 22 716,105 42 439,22 22 772,105 42 488,5/9/2016,2016,5,9,Paramesotriton,deloustali,Paramesotriton deloustali ,,,,,stream 1,Bsal/Bd,qPCR,0,0,,,,,,,,M,,,,,
,Vietnam,VNM,B?c K?n ,,22 22 716,105 42 439,22 22 772,105 42 488,5/9/2016,2016,5,9,Paramesotriton,deloustali,Paramesotriton deloustali ,,,,,stream 1,Bsal/Bd,qPCR,0,0,,,,,,,,M,,,,,
,Vietnam,VNM,B?c K?n ,,22 22 716,105 42 439,22 22 772,105 42 488,5/9/2016,2016,5,9,Paramesotriton,deloustali,Paramesotriton deloustali ,,,,,stream 1,Bsal/Bd,qPCR,0,0,,,,,,,,F,,,,,
,Vietnam,VNM,B?c K?n ,,22 22 716,105 42 439,22 22 772,105 42 488,5/9/2016,2016,5,9,Paramesotriton,deloustali,Paramesotriton deloustali ,,,,,stream 1,Bsal/Bd,qPCR,0,0,,,,,,,,F,,,,,
,Vietnam,VNM,B?c K?n ,,22 22 716,105 42 439,22 22 772,105 42 488,5/9/2016,2016,5,9,Paramesotriton,deloustali,Paramesotriton deloustali ,,,,,stream 1,Bsal/Bd,qPCR,0,0,,,,,,,,M,,,,,
,Vietnam,VNM,B?c K?n ,,22 22 716,105 42 439,22 22 772,105 42 488,5/9/2016,2016,5,9,Paramesotriton,deloustali,Paramesotriton deloustali ,,,,,stream 1,Bsal/Bd,qPCR,0,0,,,,,,,,F,,,,,
,Vietnam,VNM,B?c K?n ,,22 22 716,105 42 439,22 22 772,105 42 488,5/9/2016,2016,5,9,Paramesotriton,deloustali,Paramesotriton deloustali ,,,,,stream 1,Bsal/Bd,qPCR,0,0,,,,,,,,F,,,,,
,Vietnam,VNM,B?c K?n ,,22 22 716,105 42 439,22 22 772,105 42 488,5/9/2016,2016,5,9,Paramesotriton,deloustali,Paramesotriton deloustali ,,,,,stream 1,Bsal/Bd,qPCR,0,0,,,,,,,,M,,,,,
,Vietnam,VNM,B?c K?n ,,22 22 716,105 42 439,22 22 772,105 42 488,5/9/2016,2016,5,9,Paramesotriton,deloustali,Paramesotriton deloustali ,,,,,stream 1,Bsal/Bd,qPCR,0,0,,,,,,,,F,,,,,
,Vietnam,VNM,B?c K?n ,,22 22 716,105 42 439,22 22 772,105 42 488,5/9/2016,2016,5,9,Paramesotriton,deloustali,Paramesotriton deloustali ,,,,,stream 1,Bsal/Bd,qPCR,0,0,,,,,,,,F,,,,,
,Vietnam,VNM,Cao B?ng ,,22 32 687,105 51 538,22 32 771,105 51 643,5/11/2016,2016,5,11,Paramesotriton,guangxiensis,Paramesotriton guangxiensis,,,,,stream 1 (p1) ,Bsal/Bd,qPCR,0,0,,,,,,,,M,,,,,
,Vietnam,VNM,Cao B?ng ,,22 32 687,105 51 538,22 32 771,105 51 643,5/11/2016,2016,5,11,Paramesotriton,guangxiensis,Paramesotriton guangxiensis,,,,,stream 1 (p1) ,Bsal/Bd,qPCR,0,0,,,,,,,,F,,,,,
,Vietnam,VNM,Cao B?ng ,,22 32 687,105 51 538,22 32 771,105 51 643,5/11/2016,2016,5,11,Paramesotriton,guangxiensis,Paramesotriton guangxiensis,,,,,stream 1 (p1) ,Bsal/Bd,qPCR,0,0,,,,,,,,F,,,,,
,Vietnam,VNM,Cao B?ng ,,22 32 687,105 51 538,22 32 771,105 51 643,5/11/2016,2016,5,11,Paramesotriton,guangxiensis,Paramesotriton guangxiensis,,,,,stream 1 (p1) ,Bsal/Bd,qPCR,0,0,,,,,,,,M,,,,,
,Vietnam,VNM,Cao B?ng ,,22 32 687,105 51 538,22 32 771,105 51 643,5/11/2016,2016,5,11,Paramesotriton,guangxiensis,Paramesotriton guangxiensis,,,,,stream 1 (p1) ,Bsal/Bd,qPCR,0,0,,,,,,,,M,,,,,
,Vietnam,VNM,Cao B?ng ,,22 32 687,105 51 538,22 32 771,105 51 643,5/11/2016,2016,5,11,Paramesotriton,guangxiensis,Paramesotriton guangxiensis,,,,,stream 1 (p1) ,Bsal/Bd,qPCR,0,0,,,,,,,,F,,,,,
,Vietnam,VNM,Cao B?ng ,,22 32 687,105 51 538,22 32 771,105 51 643,5/11/2016,2016,5,11,Paramesotriton,guangxiensis,Paramesotriton guangxiensis,,,,,stream 1 (p1) ,Bsal/Bd,qPCR,0,0,,,,,,,,M,,,,,
,Vietnam,VNM,Cao B?ng ,,22 32 687,105 51 538,22 32 771,105 51 643,5/11/2016,2016,5,11,Paramesotriton,guangxiensis,Paramesotriton guangxiensis,,,,,stream 1 (p1) ,Bsal/Bd,qPCR,0,0,,,,,,,,M,,,,,
,Vietnam,VNM,Cao B?ng ,,22 32 687,105 51 538,22 32 771,105 51 643,5/11/2016,2016,5,11,Paramesotriton,guangxiensis,Paramesotriton guangxiensis,,,,,stream 1 (p1) ,Bsal/Bd,qPCR,0,0,,,,,,,,F,,,,,
,Vietnam,VNM,Cao B?ng ,,22 32 687,105 51 538,22 32 771,105 51 643,5/11/2016,2016,5,11,Paramesotriton,guangxiensis,Paramesotriton guangxiensis,,,,,stream 1 (p1) ,Bsal/Bd,qPCR,0,0,,,,,,,,F,,,,,
,Vietnam,VNM,Cao B?ng ,,22 32 687,105 51 538,22 32 771,105 51 643,5/11/2016,2016,5,11,Paramesotriton,guangxiensis,Paramesotriton guangxiensis,,,,,stream 1 (p1) ,Bsal/Bd,qPCR,0,0,,,,,,,,F,,,,,
,Vietnam,VNM,Cao B?ng ,,22 32 687,105 51 538,22 32 771,105 51 643,5/11/2016,2016,5,11,Paramesotriton,guangxiensis,Paramesotriton guangxiensis,,,,,stream 1 (p1) ,Bsal/Bd,qPCR,0,0,,,,,,,,M,,,,,
,Vietnam,VNM,Cao B?ng ,,22 34 427,105 55 042,22 32 873,105 54 124,5/12/2016,2016,5,12,Paramesotriton,guangxiensis,Paramesotriton guangxiensis,,,,,stream 3 (p3) ,Bsal/Bd,qPCR,0,0,,,,,,,,F,,,,,
,Vietnam,VNM,Cao B?ng ,,22 34 427,105 55 042,22 32 873,105 54 124,5/12/2016,2016,5,12,Paramesotriton,guangxiensis,Paramesotriton guangxiensis,,,,,stream 3 (p3) ,Bsal/Bd,qPCR,0,0,,,,,,,,F,,,,,Hand regrown  with 3 fingers
,Vietnam,VNM,Cao B?ng ,,22 34 427,105 55 042,22 32 873,105 54 124,5/12/2016,2016,5,12,Paramesotriton,guangxiensis,Paramesotriton guangxiensis,,,,,stream 3 (p3) ,Bsal/Bd,qPCR,0,0,,,,,,,,F,,,,,
,Vietnam,VNM,Cao B?ng ,,22 34 427,105 55 042,22 32 873,105 54 124,5/12/2016,2016,5,12,Paramesotriton,guangxiensis,Paramesotriton guangxiensis,,,,,stream 3 (p3) ,Bsal/Bd,qPCR,0,0,,,,,,,,M,,,,,
,Vietnam,VNM,Cao B?ng ,,22 34 427,105 55 042,22 32 873,105 54 124,5/12/2016,2016,5,12,Paramesotriton,guangxiensis,Paramesotriton guangxiensis,,,,,stream 3 (p3) ,Bsal/Bd,qPCR,0,0,,,,,,,,M,,,,,
,Vietnam,VNM,Cao B?ng ,,22 34 427,105 55 042,22 32 873,105 54 124,5/12/2016,2016,5,12,Paramesotriton,guangxiensis,Paramesotriton guangxiensis,,,,,stream 3 (p3) ,Bsal/Bd,qPCR,0,0,,,,,,,,M,,,,,
,Vietnam,VNM,Cao B?ng ,,22 34 427,105 55 042,22 32 873,105 54 124,5/12/2016,2016,5,12,Paramesotriton,guangxiensis,Paramesotriton guangxiensis,,,,,stream 3 (p3) ,Bsal/Bd,qPCR,0,0,,,,,,,,F,,,,,
,Vietnam,VNM,Cao B?ng ,,22 34 427,105 55 042,22 32 873,105 54 124,5/12/2016,2016,5,12,Paramesotriton,guangxiensis,Paramesotriton guangxiensis,,,,,stream 3 (p3) ,Bsal/Bd,qPCR,0,0,,,,,,,,M,,,,,
,Vietnam,VNM,Cao B?ng ,,22 34 427,105 55 042,22 32 873,105 54 124,5/12/2016,2016,5,12,Paramesotriton,guangxiensis,Paramesotriton guangxiensis,,,,,stream 3 (p3) ,Bsal/Bd,qPCR,0,0,,,,,,,,F,,,,,Broken arm
,Vietnam,VNM,Cao B?ng ,,22 34 427,105 55 042,22 32 873,105 54 124,5/12/2016,2016,5,12,Paramesotriton,guangxiensis,Paramesotriton guangxiensis,,,,,stream 3 (p3) ,Bsal/Bd,qPCR,0,0,,,,,,,,M,,,,,
,Vietnam,VNM,Cao B?ng ,,22 34 427,105 55 042,22 32 873,105 54 124,5/12/2016,2016,5,12,Paramesotriton,guangxiensis,Paramesotriton guangxiensis,,,,,stream 3 (p3) ,Bsal/Bd,qPCR,0,0,,,,,,,,M,,,,,
,Vietnam,VNM,Cao B?ng ,,22 34 427,105 55 042,22 32 873,105 54 124,5/12/2016,2016,5,12,Paramesotriton,guangxiensis,Paramesotriton guangxiensis,,,,,stream 3 (p3) ,Bsal/Bd,qPCR,0,0,,,,,,,,M,,,,,
,Vietnam,VNM,Cao B?ng ,,22 34 427,105 55 042,22 32 873,105 54 124,5/12/2016,2016,5,12,Paramesotriton,guangxiensis,Paramesotriton guangxiensis,,,,,stream 3 (p3) ,Bsal/Bd,qPCR,0,0,,,,,,,,F,,,,,
,Vietnam,VNM,Cao B?ng ,,22 34 427,105 55 42,22 34 518,105 55 109,5/12/2016,2016,5,12,Paramesotriton,guangxiensis,Paramesotriton guangxiensis,,,,,stream 2 (p2) ,Bsal/Bd,qPCR,0,0,,,,,,,,M,,,,,Tail broken at end
,Vietnam,VNM,Cao B?ng ,,22 34 427,105 55 42,22 34 518,105 55 109,5/12/2016,2016,5,12,Paramesotriton,guangxiensis,Paramesotriton guangxiensis,,,,,stream 2 (p2) ,Bsal/Bd,qPCR,0,0,,,,,,,,M,,,,,Foot regrow
,Vietnam,VNM,Cao B?ng ,,22 34 427,105 55 42,22 34 518,105 55 109,5/12/2016,2016,5,12,Paramesotriton,guangxiensis,Paramesotriton guangxiensis,,,,,stream 2 (p2) ,Bsal/Bd,qPCR,0,0,,,,,,,,M,,,,,
,Vietnam,VNM,Cao B?ng ,,22 34 427,105 55 42,22 34 518,105 55 109,5/12/2016,2016,5,12,Paramesotriton,guangxiensis,Paramesotriton guangxiensis,,,,,stream 2 (p2) ,Bsal/Bd,qPCR,0,0,,,,,,,,F,,,,,
,Vietnam,VNM,Cao B?ng ,,22 34 427,105 55 42,22 34 518,105 55 109,5/12/2016,2016,5,12,Paramesotriton,guangxiensis,Paramesotriton guangxiensis,,,,,stream 2 (p2) ,Bsal/Bd,qPCR,0,0,,,,,,,,F,,,,,
,Vietnam,VNM,Cao B?ng ,,22 34 427,105 55 42,22 34 518,105 55 109,5/12/2016,2016,5,12,Paramesotriton,guangxiensis,Paramesotriton guangxiensis,,,,,stream 2 (p2) ,Bsal/Bd,qPCR,0,0,,,,,,,,M,,,,,
,Vietnam,VNM,Cao B?ng ,,22 34 427,105 55 42,22 34 518,105 55 109,5/12/2016,2016,5,12,Paramesotriton,guangxiensis,Paramesotriton guangxiensis,,,,,stream 2 (p2) ,Bsal/Bd,qPCR,0,0,,,,,,,,F,,,,,
,Vietnam,VNM,Cao B?ng ,,22 34 427,105 55 42,22 34 518,105 55 109,5/12/2016,2016,5,12,Paramesotriton,guangxiensis,Paramesotriton guangxiensis,,,,,stream 2 (p2) ,Bsal/Bd,qPCR,0,0,,,,,,,,M,,,,,
,Vietnam,VNM,Cao B?ng ,,22 34 427,105 55 42,22 34 518,105 55 109,5/12/2016,2016,5,12,Paramesotriton,guangxiensis,Paramesotriton guangxiensis,,,,,stream 2 (p2) ,Bsal/Bd,qPCR,0,0,,,,,,,,F,,,,,
,Vietnam,VNM,Cao B?ng ,,22 34 427,105 55 42,22 34 518,105 55 109,5/12/2016,2016,5,12,Paramesotriton,guangxiensis,Paramesotriton guangxiensis,,,,,stream 2 (p2) ,Bsal/Bd,qPCR,0,0,,,,,,,,F,,,,,Cloudy eye
,Vietnam,VNM,Cao B?ng ,,22 34 427,105 55 42,22 34 518,105 55 109,5/12/2016,2016,5,12,Paramesotriton,guangxiensis,Paramesotriton guangxiensis,,,,,stream 2 (p2) ,Bsal/Bd,qPCR,0,0,,,,,,,,F,,,,,
,Vietnam,VNM,Cao B?ng ,,22 34 427,105 55 42,22 34 518,105 55 109,5/12/2016,2016,5,12,Paramesotriton,guangxiensis,Paramesotriton guangxiensis,,,,,stream 2 (p2) ,Bsal/Bd,qPCR,0,0,,,,,,,,M,,,,,
,Vietnam,VNM,Cao B?ng ,,22 34 427,105 55 42,22 34 518,105 55 109,5/12/2016,2016,5,12,Paramesotriton,guangxiensis,Paramesotriton guangxiensis,,,,,stream 2 (p2) ,Bsal/Bd,qPCR,0,0,,,,,,,,F,,,,,Healed cut on leg
,Vietnam,VNM,Cao B?ng ,,22 34 427,105 55 42,22 34 518,105 55 109,5/12/2016,2016,5,12,Paramesotriton,guangxiensis,Paramesotriton guangxiensis,,,,,stream 2 (p2) ,Bsal/Bd,qPCR,0,0,,,,,,,,F,,,,,
,Vietnam,VNM,Cao B?ng ,,22 34 427,105 55 42,22 34 518,105 55 109,5/12/2016,2016,5,12,Paramesotriton,guangxiensis,Paramesotriton guangxiensis,,,,,stream 2 (p2) ,Bsal/Bd,qPCR,0,0,,,,,,,,F,,,,,
,Vietnam,VNM,Cao B?ng ,,22 34 427,105 55 42,22 34 518,105 55 109,5/12/2016,2016,5,12,Paramesotriton,guangxiensis,Paramesotriton guangxiensis,,,,,stream 2 (p2) ,Bsal/Bd,qPCR,0,0,,,,,,,,F,,,,,
,Vietnam,VNM,Cao B?ng ,,22 34 427,105 55 42,22 34 518,105 55 109,5/12/2016,2016,5,12,Paramesotriton,guangxiensis,Paramesotriton guangxiensis,,,,,stream 2 (p2) ,Bsal/Bd,qPCR,0,0,,,,,,,,F,,,,,
,Vietnam,VNM,Cao B?ng ,,22 34 427,105 55 42,22 34 518,105 55 109,5/12/2016,2016,5,12,Paramesotriton,guangxiensis,Paramesotriton guangxiensis,,,,,stream 2 (p2) ,Bsal/Bd,qPCR,0,0,,,,,,,,M,,,,,
,Vietnam,VNM,Cao B?ng ,,22 34 427,105 55 42,22 34 518,105 55 109,5/12/2016,2016,5,12,Paramesotriton,guangxiensis,Paramesotriton guangxiensis,,,,,stream 2 (p2) ,Bsal/Bd,qPCR,0,0,,,,,,,,M,,,,,
,Vietnam,VNM,Cao B?ng ,,22 34 427,105 55 42,22 34 518,105 55 109,5/12/2016,2016,5,12,Paramesotriton,guangxiensis,Paramesotriton guangxiensis,,,,,stream 2 (p2) ,Bsal/Bd,qPCR,0,0,,,,,,,,M,,,,,
,Vietnam,VNM,Cao B?ng ,,22 34 427,105 55 42,22 34 518,105 55 109,5/12/2016,2016,5,12,Paramesotriton,guangxiensis,Paramesotriton guangxiensis,,,,,stream 2 (p2) ,Bsal/Bd,qPCR,0,0,,,,,,,,F,,,,,Missing an arm
,Vietnam,VNM,Cao B?ng ,,22 34 427,105 55 42,22 34 518,105 55 109,5/12/2016,2016,5,12,Paramesotriton,guangxiensis,Paramesotriton guangxiensis,,,,,stream 2 (p2) ,Bsal/Bd,qPCR,0,0,,,,,,,,F,,,,,
,Vietnam,VNM,Cao B?ng ,,22 34 427,105 55 42,22 34 518,105 55 109,5/12/2016,2016,5,12,Paramesotriton,guangxiensis,Paramesotriton guangxiensis,,,,,stream 2 (p2) ,Bsal/Bd,qPCR,0,0,,,,,,,,F,,,,,
,Vietnam,VNM,Cao B?ng ,,22 34 427,105 55 42,22 34 518,105 55 109,5/12/2016,2016,5,12,Paramesotriton,guangxiensis,Paramesotriton guangxiensis,,,,,stream 2 (p2) ,Bsal/Bd,qPCR,0,0,,,,,,,,F,,,,,
,Vietnam,VNM,Cao B?ng ,,22 34 427,105 55 42,22 34 518,105 55 109,5/12/2016,2016,5,12,Paramesotriton,guangxiensis,Paramesotriton guangxiensis,,,,,stream 2 (p2) ,Bsal/Bd,qPCR,0,0,,,,,,,,M,,,,,
,Vietnam,VNM,Cao B?ng ,,22 34 427,105 55 42,22 34 518,105 55 109,5/12/2016,2016,5,12,Paramesotriton,guangxiensis,Paramesotriton guangxiensis,,,,,stream 2 (p2) ,Bsal/Bd,qPCR,0,0,,,,,,,,M,,,,,
,Vietnam,VNM,Cao B?ng ,,22 34 427,105 55 42,22 34 518,105 55 109,5/12/2016,2016,5,12,Paramesotriton,guangxiensis,Paramesotriton guangxiensis,,,,,stream 2 (p2) ,Bsal/Bd,qPCR,0,0,,,,,,,,M,,,,,
,Vietnam,VNM,Cao B?ng ,,22 34 427,105 55 42,22 34 518,105 55 109,5/12/2016,2016,5,12,Paramesotriton,guangxiensis,Paramesotriton guangxiensis,,,,,stream 2 (p2) ,Bsal/Bd,qPCR,0,0,,,,,,,,M,,,,,
,Vietnam,VNM,Cao B?ng,Nguyên Bình,,,,,,,,,Tylototriton,ziegleri,Tylototriton ziegleri,,,,,,Bsal/Bd,qPCR,0,0,,,,,,,,,,,,,
,Vietnam,VNM,Cao B?ng,Nguyên Bình,,,,,,,,,Tylototriton,ziegleri,Tylototriton ziegleri,,,,,,Bsal/Bd,qPCR,0,0,,,,,,,,,,,,,
,Vietnam,VNM,Cao B?ng,Nguyên Bình,,,,,,,,,Tylototriton,ziegleri,Tylototriton ziegleri,,,,,,Bsal/Bd,qPCR,0,0,,,,,,,,,,,,,
,Vietnam,VNM,Cao B?ng,Nguyên Bình,,,,,,,,,Tylototriton,ziegleri,Tylototriton ziegleri,,,,,,Bsal/Bd,qPCR,0,0,,,,,,,,,,,,,
,Vietnam,VNM,Cao B?ng,Nguyên Bình,,,,,,,,,Tylototriton,ziegleri,Tylototriton ziegleri,,,,,,Bsal/Bd,qPCR,0,0,,,,,,,,,,,,,
,Vietnam,VNM,Cao B?ng,Nguyên Bình,,,,,,,,,Tylototriton,ziegleri,Tylototriton ziegleri,,,,,,Bsal/Bd,qPCR,0,0,,,,,,,,,,,,,
,Vietnam,VNM,Cao B?ng,Nguyên Bình,,,,,,,,,Tylototriton,ziegleri,Tylototriton ziegleri,,,,,,Bsal/Bd,qPCR,0,0,,,,,,,,,,,,,
,Vietnam,VNM,Cao B?ng,Nguyên Bình,,,,,,,,,Tylototriton,ziegleri,Tylototriton ziegleri,,,,,,Bsal/Bd,qPCR,0,0,,,,,,,,,,,,,
,Vietnam,VNM,Cao B?ng ,,22 35 565,105 51 254,,,5/13/2016,2016,5,13,Paramesotriton,guangxiensis,Paramesotriton guangxiensis,,,,,stream 4 (p4) ,Bsal/Bd,qPCR,0,0,,,,,,,,F,,,,,
,Vietnam,VNM,Hà Giang,B?c Mê,22 42 801,105 15 612,,,5/21/2016,2016,5,21,Tylototriton,ziegleri,Tylototriton ziegleri,,,,,pond 1,Bsal/Bd,qPCR,0,0,,,,,,,,M,,,,,
,Vietnam,VNM,Hà Giang,B?c Mê,22 42 801,105 15 612,,,5/21/2016,2016,5,21,Tylototriton,ziegleri,Tylototriton ziegleri,,,,,pond 1,Bsal/Bd,qPCR,0,0,,,,,,,,M,,,,,
,Vietnam,VNM,Hà Giang,B?c Mê,22 42 801,105 15 612,,,5/21/2016,2016,5,21,Tylototriton,ziegleri,Tylototriton ziegleri,,,,,pond 1,Bsal/Bd,qPCR,0,0,,,,,,,,M,,,,,
,Vietnam,VNM,Hà Giang,B?c Mê,22 42 801,105 15 612,,,5/21/2016,2016,5,21,Tylototriton,ziegleri,Tylototriton ziegleri,,,,,pond 1,Bsal/Bd,qPCR,0,0,,,,,,,,M,,,,,
,Vietnam,VNM,Hà Giang,B?c Mê,22 42 801,105 15 612,,,5/21/2016,2016,5,21,Tylototriton,ziegleri,Tylototriton ziegleri,,,,,pond 1,Bsal/Bd,qPCR,0,0,,,,,,,,M,,,,,
,Vietnam,VNM,Hà Giang,B?c Mê,22 42 801,105 15 612,,,5/21/2016,2016,5,21,Tylototriton,ziegleri,Tylototriton ziegleri,,,,,pond 1,Bsal/Bd,qPCR,0,0,,,,,,,,M,,,,,
,Vietnam,VNM,Hà Giang,B?c Mê,22 42 801,105 15 612,,,5/21/2016,2016,5,21,Tylototriton,ziegleri,Tylototriton ziegleri,,,,,pond 1,Bsal/Bd,qPCR,0,0,,,,,,,,M,,,,,
,Vietnam,VNM,Hà Giang,B?c Mê,22 42 801,105 15 612,,,5/21/2016,2016,5,21,Tylototriton,ziegleri,Tylototriton ziegleri,,,,,pond 1,Bsal/Bd,qPCR,0,0,,,,,,,,M,,,,,
,Vietnam,VNM,Hà Giang,B?c Mê,22 42 801,105 15 612,,,5/21/2016,2016,5,21,Tylototriton,ziegleri,Tylototriton ziegleri,,,,,pond 1,Bsal/Bd,qPCR,0,0,,,,,,,,M,,,,,
,Vietnam,VNM,Hà Giang,B?c Mê,22 42 801,105 15 612,,,5/21/2016,2016,5,21,Tylototriton,ziegleri,Tylototriton ziegleri,,,,,pond 1,Bsal/Bd,qPCR,0,0,,,,,,,,M,,,,,
,Vietnam,VNM,Hà Giang,B?c Mê,22 42 801,105 15 612,,,5/21/2016,2016,5,21,Tylototriton,ziegleri,Tylototriton ziegleri,,,,,pond 1,Bsal/Bd,qPCR,0,0,,,,,,,,M,,,,,
,Vietnam,VNM,Hà Giang,B?c Mê,22 42 801,105 15 612,,,5/21/2016,2016,5,21,Tylototriton,ziegleri,Tylototriton ziegleri,,,,,pond 1,Bsal/Bd,qPCR,0,0,,,,,,,juvenile,M,,,,,Juv
,Vietnam,VNM,Hà Giang,B?c Mê,22 42 801,105 15 612,,,5/21/2016,2016,5,21,Tylototriton,ziegleri,Tylototriton ziegleri,,,,,pond 1,Bsal/Bd,qPCR,0,0,,,,,,,,M,,,,,Tylototriton vietnamensis?
,Vietnam,VNM,Cao B?ng,B?o L?c,23 01 692,105 43 725,,,5/19/2015,2015,5,19,Tylototriton,ziegleri,Tylototriton ziegleri,,,,,pond 4 ,Bsal/Bd,qPCR,0,0,,,,,,,,M,,,,,
,Vietnam,VNM,Cao B?ng,B?o L?c,23 01 692,105 43 725,,,5/19/2015,2015,5,19,Tylototriton,ziegleri,Tylototriton ziegleri,,,,,pond 4 ,Bsal/Bd,qPCR,0,0,,,,,,,,M,,,,,
,Vietnam,VNM,Cao B?ng,B?o L?c,23 01 692,105 43 725,,,5/19/2015,2015,5,19,Tylototriton,ziegleri,Tylototriton ziegleri,,,,,pond 4,Bsal/Bd,qPCR,0,0,,,,,,,,M,,,,,
,Vietnam,VNM,Cao B?ng,B?o L?c,23 01 692,105 43 725,,,5/19/2015,2015,5,19,Tylototriton,ziegleri,Tylototriton ziegleri,,,,,pond 4,Bsal/Bd,qPCR,0,0,,,,,,,,M,,,,,
,Vietnam,VNM,Cao B?ng,B?o L?c,23 01 692,105 43 725,,,5/19/2015,2015,5,19,Tylototriton,ziegleri,Tylototriton ziegleri,,,,,pond 4,Bsal/Bd,qPCR,0,0,,,,,,,,M,,,,,
,Vietnam,VNM,Cao B?ng,B?o L?c,23 01 692,105 43 725,,,5/19/2015,2015,5,19,Tylototriton,ziegleri,Tylototriton ziegleri,,,,,pond 4,Bsal/Bd,qPCR,0,1,,20,,,,,,M,,,,,
,Vietnam,VNM,Cao B?ng,B?o L?c,23 01 692,105 43 725,,,5/19/2015,2015,5,19,Tylototriton,ziegleri,Tylototriton ziegleri,,,,,pond 4,Bsal/Bd,qPCR,0,0,,,,,,,,M,,,,,
,Vietnam,VNM,Cao B?ng,B?o L?c,23 01 692,105 43 725,,,5/19/2015,2015,5,19,Tylototriton,ziegleri,Tylototriton ziegleri,,,,,pond 4,Bsal/Bd,qPCR,0,0,,,,,,,,M,,,,,
,Vietnam,VNM,Cao B?ng,B?o L?c,23 01 692,105 43 725,,,5/19/2015,2015,5,19,Tylototriton,ziegleri,Tylototriton ziegleri,,,,,pond 4,Bsal/Bd,qPCR,0,1,,37 3,,,,,,M,,,,,
,Vietnam,VNM,Cao B?ng,B?o L?c,23 01 692,105 43 725,,,5/19/2015,2015,5,19,Tylototriton,ziegleri,Tylototriton ziegleri,,,,,pond 4,Bsal/Bd,qPCR,0,0,,,,,,,,M,,,,,
,Vietnam,VNM,Cao B?ng,B?o L?c,23 01 692,105 43 725,,,5/19/2015,2015,5,19,Tylototriton,ziegleri,Tylototriton ziegleri,,,,,pond 4,Bsal/Bd,qPCR,0,0,,,,,,,,M,,,,,
,Vietnam,VNM,Cao B?ng,B?o L?c,23 01 692,105 43 725,,,5/19/2015,2015,5,19,Tylototriton,ziegleri,Tylototriton ziegleri,,,,,pond 4,Bsal/Bd,qPCR,0,0,,,,,,,,M,,,,,
,Vietnam,VNM,Cao B?ng,B?o L?c,23 01 692,105 43 725,,,5/19/2015,2015,5,19,Tylototriton,ziegleri,Tylototriton ziegleri,,,,,pond 4,Bsal/Bd,qPCR,0,0,,,,,,,,M,,,,,
,Vietnam,VNM,Cao B?ng,B?o L?c,23 01 692,105 43 725,,,5/19/2015,2015,5,19,Tylototriton,ziegleri,Tylototriton ziegleri,,,,,pond 4,Bsal/Bd,qPCR,0,0,,,,,,,,M,,,,,
,Vietnam,VNM,Cao B?ng,B?o L?c,23 02 065,105 43 054,,,5/19/2015,2015,5,19,Tylototriton,ziegleri,Tylototriton ziegleri,,,,,pond 2 ,Bsal/Bd,qPCR,0,0,,,,,,,,m,,,,,
,Vietnam,VNM,Cao B?ng,B?o L?c,23 02 066,105 43 054,,,5/19/2015,2015,5,19,Tylototriton,ziegleri,Tylototriton ziegleri,,,,,pond 3,Bsal/Bd,qPCR,0,0,,,,,,,,M,,,,,
,Vietnam,VNM,Cao B?ng,B?o L?c,23 02 066,105 43 054,,,5/19/2015,2015,5,19,Tylototriton,ziegleri,Tylototriton ziegleri,,,,,pond 3,Bsal/Bd,qPCR,0,0,,,,,,,,M,,,,,
,Vietnam,VNM,Hà Giang ,Qu?n B?,23 02 304,104 52 090,,,5/24/2016,2016,5,24,Tylototriton,ziegleri,Tylototriton ziegleri,,,,,pond 5,Bsal/Bd,qPCR,0,0,,,,,,,,M,,,,,
,Vietnam,VNM,Hà Giang ,Qu?n B?,23 02 304,104 52 090,,,5/24/2016,2016,5,24,Tylototriton,ziegleri,Tylototriton ziegleri,,,,,pond 5,Bsal/Bd,qPCR,0,1,,23 4,,,,,,M,,,,,
,Vietnam,VNM,Hà Giang ,Qu?n B?,23 02 304,104 52 090,,,5/24/2016,2016,5,24,Tylototriton,ziegleri,Tylototriton ziegleri,,,,,pond 5,Bsal/Bd,qPCR,0,0,,,,,,,,M,,,,,
,Vietnam,VNM,Hà Giang ,Qu?n B?,23 02 304,104 52 090,,,5/24/2016,2016,5,24,Tylototriton,ziegleri,Tylototriton ziegleri,,,,,pond 5,Bsal/Bd,qPCR,0,0,,,,,,,,M,,,,,
,Vietnam,VNM,Hà Giang ,Qu?n B?,23 02 698,104 50 670,,,5/25/2016,2016,5,25,Tylototriton,ziegleri,Tylototriton ziegleri,,,,,pond 8,Bsal/Bd,qPCR,0,0,,,,,,,,M,,,,,
,Vietnam,VNM,Hà Giang ,Qu?n B?,23 02 698,104 50 670,,,5/25/2016,2016,5,25,Tylototriton,ziegleri,Tylototriton ziegleri,,,,,pond 8,Bsal/Bd,qPCR,0,0,,,,,,,,M,,,,,
,Vietnam,VNM,Hà Giang ,Qu?n B?,23 02 758,104 50 991,,,5/25/2016,2016,5,25,Tylototriton,ziegleri,Tylototriton ziegleri,,,,,pond 6 ,Bsal/Bd,qPCR,0,0,,,,,,,,M,,,,,
,Vietnam,VNM,Hà Giang ,Qu?n B?,23 02 758,104 50 991,,,5/25/2016,2016,5,25,Tylototriton,ziegleri,Tylototriton ziegleri,,,,,pond 6 ,Bsal/Bd,qPCR,0,0,,,,,,,,M,,,,,
,Vietnam,VNM,Hà Giang ,Qu?n B?,23 02 758,104 50 991,,,5/25/2016,2016,5,25,Tylototriton,ziegleri,Tylototriton ziegleri,,,,,pond 6,Bsal/Bd,qPCR,0,0,,,,,,,,M,,,,,Regenerating left foot and hand
,Vietnam,VNM,Hà Giang ,Qu?n B?,23 02 758,104 50 991,,,5/25/2016,2016,5,25,Tylototriton,ziegleri,Tylototriton ziegleri,,,,,pond 6,Bsal/Bd,qPCR,0,0,,,,,,,,M,,,,,
,Vietnam,VNM,Hà Giang ,Qu?n B?,23 02 758,104 50 991,,,5/25/2016,2016,5,25,Tylototriton,ziegleri,Tylototriton ziegleri,,,,,pond 6,Bsal/Bd,qPCR,0,0,,,,,,,,M,,,,,
,Vietnam,VNM,Hà Giang ,Qu?n B?,23 02 758,104 50 991,,,5/25/2016,2016,5,25,Tylototriton,ziegleri,Tylototriton ziegleri,,,,,pond 6,Bsal/Bd,qPCR,0,0,,,,,,,,M,,,,,
,Vietnam,VNM,Hà Giang ,Qu?n B?,23 02 758,104 50 991,,,5/25/2016,2016,5,25,Tylototriton,ziegleri,Tylototriton ziegleri,,,,,pond 6,Bsal/Bd,qPCR,0,0,,,,,,,,M,,,,,
,Vietnam,VNM,Hà Giang ,Qu?n B?,23 02 758,104 50 991,,,5/25/2016,2016,5,25,Tylototriton,ziegleri,Tylototriton ziegleri,,,,,pond 6,Bsal/Bd,qPCR,0,0,,,,,,,,M,,,,,
,Vietnam,VNM,Hà Giang ,Qu?n B?,23 02 758,104 50 991,,,5/25/2016,2016,5,25,Tylototriton,ziegleri,Tylototriton ziegleri,,,,,pond 6,Bsal/Bd,qPCR,0,0,,,,,,,,M,,,,,
,Vietnam,VNM,Hà Giang ,Qu?n B?,23 02 758,104 50 991,,,5/25/2016,2016,5,25,Tylototriton,ziegleri,Tylototriton ziegleri,,,,,pond 6,Bsal/Bd,qPCR,0,0,,,,,,,,M,,,,,
,Vietnam,VNM,Hà Giang ,Qu?n B?,23 02 758,104 50 991,,,5/25/2016,2016,5,25,Tylototriton,ziegleri,Tylototriton ziegleri,,,,,pond 6,Bsal/Bd,qPCR,0,0,,,,,,,,M,,,,,
,Vietnam,VNM,Hà Giang ,Qu?n B?,23 02 758,104 50 991,,,5/25/2016,2016,5,25,Tylototriton,ziegleri,Tylototriton ziegleri,,,,,pond 6,Bsal/Bd,qPCR,0,1,,26 8,,,,,,M,,,,,
,Vietnam,VNM,Hà Giang ,Qu?n B?,23 02 758,104 50 999,,,5/25/2016,2016,5,25,Tylototriton,ziegleri,Tylototriton ziegleri,,,,,pond 7 ,Bsal/Bd,qPCR,0,0,,,,,,,,M,,,,,
,Vietnam,VNM,Cao B?ng,B?o L?c,23 03 016,105 43 067,,,5/19/2015,2015,5,19,Tylototriton,ziegleri,Tylototriton ziegleri,,,,,pond 1 ,Bsal/Bd,qPCR,0,0,,,,,,,,M,,,,,
,Vietnam,VNM,Cao B?ng,B?o L?c,23 03 016,105 43 067,,,5/19/2015,2015,5,19,Tylototriton,ziegleri,Tylototriton ziegleri,,,,,pond 1 ,Bsal/Bd,qPCR,0,0,,,,,,,,M,,,,,
,Vietnam,VNM,Cao B?ng,B?o L?c,23 03 016,105 43 067,,,5/19/2015,2015,5,19,Tylototriton,ziegleri,Tylototriton ziegleri,,,,,pond 1,Bsal/Bd,qPCR,1,0,448,,,,,,,M,,,,,
,Vietnam,VNM,Cao B?ng,B?o L?c,23 03 016,105 43 067,,,5/19/2015,2015,5,19,Tylototriton,ziegleri,Tylototriton ziegleri,,,,,pond 1,Bsal/Bd,qPCR,0,0,,,,,,,,M,,,,,
,Vietnam,VNM,Cao B?ng,B?o L?c,23 03 016,105 43 067,,,5/19/2015,2015,5,19,Tylototriton,ziegleri,Tylototriton ziegleri,,,,,pond 1,Bsal/Bd,qPCR,1,0,140,,,,,,,M,,,,,
,Vietnam,VNM,Cao B?ng,B?o L?c,23 03 016,105 43 067,,,5/19/2015,2015,5,19,Tylototriton,ziegleri,Tylototriton ziegleri,,,,,pond 1,Bsal/Bd,qPCR,1,0,23 4,,,,,,,M,,,,,
,Vietnam,VNM,Cao B?ng,B?o L?c,23 03 016,105 43 067,,,5/19/2015,2015,5,19,Tylototriton,ziegleri,Tylototriton ziegleri,,,,,pond 1,Bsal/Bd,qPCR,0,0,,,,,,,,M,,,,,
,Vietnam,VNM,Cao B?ng,B?o L?c,23 03 016,105 43 067,,,5/19/2015,2015,5,19,Tylototriton,ziegleri,Tylototriton ziegleri,,,,,pond 1,Bsal/Bd,qPCR,0,0,,,,,,,,M,,,,,
,Vietnam,VNM,Cao B?ng,B?o L?c,23 03 016,105 43 067,,,5/19/2015,2015,5,19,Tylototriton,ziegleri,Tylototriton ziegleri,,,,,pond 1,Bsal/Bd,qPCR,1,0,94 2,,,,,,,M,,,,,
,Vietnam,VNM,Cao B?ng,B?o L?c,23 03 016,105 43 067,,,5/19/2015,2015,5,19,Tylototriton,ziegleri,Tylototriton ziegleri,,,,,pond 1,Bsal/Bd,qPCR,0,0,,,,,,,,M,,,,,
,Vietnam,VNM,Cao B?ng,B?o L?c,23 03 016,105 43 067,,,5/19/2015,2015,5,19,Tylototriton,ziegleri,Tylototriton ziegleri,,,,,pond 1,Bsal/Bd,qPCR,0,0,,,,,,,juvenile,,,,,,Juv
,Vietnam,VNM,Cao B?ng,B?o L?c,23 03 016,105 43 067,,,5/19/2015,2015,5,19,Tylototriton,ziegleri,Tylototriton ziegleri,,,,,pond 1,Bsal/Bd,qPCR,0,0,,,,,,,juvenile,,,,,,Juv
,Vietnam,VNM,Cao B?ng,B?o L?c,23 03 016,105 43 067,,,5/19/2015,2015,5,19,Tylototriton,ziegleri,Tylototriton ziegleri,,,,,pond 1,Bsal/Bd,qPCR,0,0,,,,,,,,M,,,,,
,Vietnam,VNM,Hà Giang ,Qu?n B?,23 03 285,104 52 704,,,5/23/2016,2016,5,23,Tylototriton,ziegleri,Tylototriton ziegleri,,,,,pond 1 en 2,Bsal/Bd,qPCR,0,0,,,,,,,,M,,,,,"Stripes on toes, 2 fused fingers, triangle shape missing from tail"
,Vietnam,VNM,Hà Giang ,Qu?n B?,23 03 285,104 52 704,,,5/23/2016,2016,5,23,Tylototriton,ziegleri,Tylototriton ziegleri,,,,,pond 1 en 2,Bsal/Bd,qPCR,0,0,,,,,,,,M,,,,,
,Vietnam,VNM,Hà Giang ,Qu?n B?,23 03 306,104 50 860,,,5/25/2016,2016,5,25,Tylototriton,ziegleri,Tylototriton ziegleri,,,,,pond 9,Bsal/Bd,qPCR,0,0,,,,,,,,M,,,,,
,Vietnam,VNM,Hà Giang ,Qu?n B?,23 03 306,104 50 860,,,5/25/2016,2016,5,25,Tylototriton,ziegleri,Tylototriton ziegleri,,,,,pond 9,Bsal/Bd,qPCR,0,0,,,,,,,,M,,,,,
,Vietnam,VNM,Hà Giang,Qu?n B?,23 03 306,104 50 860,,,5/25/2016,2016,5,25,Tylototriton,ziegleri,Tylototriton ziegleri,,,,,pond 9,Bsal/Bd,qPCR,0,0,,,,,,,,M,,,,,
,Vietnam,VNM,Hà Giang ,Qu?n B?,23 03 326,104 52 755,,,5/23/2016,2016,5,23,Tylototriton,ziegleri,Tylototriton ziegleri,,,,,pond 3,Bsal/Bd,qPCR,0,0,,,,,,,,M,,,,,
,Vietnam,VNM,Hà Giang ,Qu?n B?,23 03 326,104 52 755,,,5/23/2016,2016,5,23,Tylototriton,ziegleri,Tylototriton ziegleri,,,,,pond 3,Bsal/Bd,qPCR,0,0,,,,,,,,M,,,,,
,Vietnam,VNM,Hà Giang ,Qu?n B?,23 03 326,104 52 755,,,5/23/2016,2016,5,23,Tylototriton,ziegleri,Tylototriton ziegleri,,,,,pond 3,Bsal/Bd,qPCR,0,0,,,,,,,,M,,,,,
,Vietnam,VNM,Hà Giang ,Qu?n B?,23 03 326,104 52 755,,,5/23/2016,2016,5,23,Tylototriton,ziegleri,Tylototriton ziegleri,,,,,pond 3,Bsal/Bd,qPCR,0,0,,,,,,,,M,,,,,
,Vietnam,VNM,Hà Giang ,Qu?n B?,23 03 326,104 52 755,,,5/23/2016,2016,5,23,Tylototriton,ziegleri,Tylototriton ziegleri,,,,,pond 3,Bsal/Bd,qPCR,0,0,,,,,,,,M,,,,,
,Vietnam,VNM,Hà Giang ,Qu?n B?,23 03 326,104 52 755,,,5/23/2016,2016,5,23,Tylototriton,ziegleri,Tylototriton ziegleri,,,,,pond 3,Bsal/Bd,qPCR,0,0,,,,,,,,M,,,,,
,Vietnam,VNM,Hà Giang ,Qu?n B?,23 03 509,104 52 579,,,5/24/2016,2016,5,24,Tylototriton,ziegleri,Tylototriton ziegleri,,,,,pond 4 ,Bsal/Bd,qPCR,0,0,,,,,,,,M,,,,,
,Vietnam,VNM,Hà Giang ,Qu?n B?,23 03 509,104 52 579,,,5/24/2016,2016,5,24,Tylototriton,ziegleri,Tylototriton ziegleri,,,,,pond 4 ,Bsal/Bd,qPCR,0,0,,,,,,,,M,,,,,
,Vietnam,VNM,Hà Giang ,Qu?n B?,23 03 509,104 52 579,,,5/24/2016,2016,5,24,Tylototriton,ziegleri,Tylototriton ziegleri,,,,,pond 4,Bsal/Bd,qPCR,0,0,,,,,,,,M,,,,,
,,,,,,,,,,,,,Tylototriton,notialis,Tylototriton notialis,,,,,,Bsal/Bd,qPCR,0,0,,,,,,,,,,,,,
,,,,,,,,,,,,,Tylototriton,notialis,Tylototriton notialis,,,,,,Bsal/Bd,qPCR,0,0,,,,,,,,,,,,,
,,,,,,,,,,,,,Tylototriton,notialis,Tylototriton notialis,,,,,,Bsal/Bd,qPCR,0,0,,,,,,,,,,,,,
,,,,,,,,,,,,,Tylototriton,notialis,Tylototriton notialis,,,,,,Bsal/Bd,qPCR,0,0,,,,,,,,,,,,,
